anio,mes,sector,Produccion,empleados,establecimientos
2001,enero,Confeccionista,,326,6
2001,enero,Electronica,,2652,22
2001,enero,Otros,,90,4
2001,enero,Pesquera,,353,2
2001,enero,Plastica,,284,8
2001,enero,Textil,,274,8
2001,febrero,Confeccionista,,323,6
2001,febrero,Electronica,,2624,21
2001,febrero,Otros,,92,4
2001,febrero,Pesquera,,278,1
2001,febrero,Plastica,,282,7
2001,febrero,Textil,,283,8
2001,marzo,Confeccionista,,333,6
2001,marzo,Electronica,,2629,21
2001,marzo,Otros,,94,4
2001,marzo,Pesquera,,275,1
2001,marzo,Plastica,,284,7
2001,marzo,Textil,,286,8
2001,abril,Confeccionista,,337,6
2001,abril,Electronica,,2249,20
2001,abril,Otros,,103,4
2001,abril,Pesquera,,273,1
2001,abril,Plastica,,289,8
2001,abril,Textil,,283,8
2001,mayo,Confeccionista,,346,6
2001,mayo,Electronica,,2323,20
2001,mayo,Otros,,107,4
2001,mayo,Pesquera,,262,1
2001,mayo,Plastica,,289,8
2001,mayo,Textil,,306,8
2001,junio,Confeccionista,,352,6
2001,junio,Electronica,,2374,20
2001,junio,Otros,,105,4
2001,junio,Pesquera,,259,1
2001,junio,Plastica,,295,8
2001,junio,Textil,,329,8
2001,julio,Confeccionista,,354,6
2001,julio,Electronica,,2327,20
2001,julio,Otros,,112,4
2001,julio,Pesquera,,166,1
2001,julio,Plastica,,296,8
2001,julio,Textil,,329,8
2001,agosto,Confeccionista,,351,6
2001,agosto,Electronica,,2637,20
2001,agosto,Otros,,113,4
2001,agosto,Pesquera,,166,1
2001,agosto,Plastica,,294,8
2001,agosto,Textil,,345,8
2001,septiembre,Confeccionista,,347,6
2001,septiembre,Electronica,,2587,20
2001,septiembre,Otros,,115,4
2001,septiembre,Pesquera,,188,1
2001,septiembre,Plastica,,300,8
2001,septiembre,Textil,,338,8
2001,octubre,Confeccionista,,339,6
2001,octubre,Electronica,,2476,20
2001,octubre,Otros,,117,4
2001,octubre,Pesquera,,187,1
2001,octubre,Plastica,,305,8
2001,octubre,Textil,,321,8
2001,noviembre,Confeccionista,,307,5
2001,noviembre,Electronica,,2483,20
2001,noviembre,Otros,,122,4
2001,noviembre,Pesquera,,192,1
2001,noviembre,Plastica,,297,8
2001,noviembre,Textil,,301,8
2001,diciembre,Confeccionista,,301,5
2001,diciembre,Electronica,,1911,17
2001,diciembre,Otros,,46,2
2001,diciembre,Pesquera,,202,2
2001,diciembre,Plastica,,250,7
2001,diciembre,Textil,,261,7
2002,enero,Confeccionista,,317,6
2002,enero,Electronica,,1799,18
2002,enero,Otros,,101,4
2002,enero,Pesquera,,212,2
2002,enero,Plastica,,282,8
2002,enero,Textil,,256,8
2002,febrero,Confeccionista,,314,6
2002,febrero,Electronica,,1782,17
2002,febrero,Otros,,103,4
2002,febrero,Pesquera,,224,2
2002,febrero,Plastica,,284,8
2002,febrero,Textil,,257,8
2002,marzo,Confeccionista,,313,6
2002,marzo,Electronica,,1667,17
2002,marzo,Otros,,103,4
2002,marzo,Pesquera,,227,2
2002,marzo,Plastica,,277,8
2002,marzo,Textil,,261,8
2002,abril,Confeccionista,,309,6
2002,abril,Electronica,,1552,17
2002,abril,Otros,,103,4
2002,abril,Pesquera,,229,2
2002,abril,Plastica,,275,8
2002,abril,Textil,,252,8
2002,mayo,Confeccionista,,307,6
2002,mayo,Electronica,,1469,16
2002,mayo,Otros,,103,4
2002,mayo,Pesquera,,232,2
2002,mayo,Plastica,,270,8
2002,mayo,Textil,,252,8
2002,junio,Confeccionista,,306,6
2002,junio,Electronica,,1396,16
2002,junio,Otros,,110,4
2002,junio,Pesquera,,229,2
2002,junio,Plastica,,270,8
2002,junio,Textil,,231,8
2002,julio,Confeccionista,,305,6
2002,julio,Electronica,,1340,16
2002,julio,Otros,,110,4
2002,julio,Pesquera,,227,2
2002,julio,Plastica,,270,8
2002,julio,Textil,,240,8
2002,agosto,Confeccionista,,291,6
2002,agosto,Electronica,,1325,16
2002,agosto,Otros,,109,4
2002,agosto,Pesquera,,226,2
2002,agosto,Plastica,,274,8
2002,agosto,Textil,,242,8
2002,septiembre,Confeccionista,,287,6
2002,septiembre,Electronica,,1303,16
2002,septiembre,Otros,,109,4
2002,septiembre,Pesquera,,225,2
2002,septiembre,Plastica,,288,9
2002,septiembre,Textil,,260,8
2002,octubre,Confeccionista,,288,6
2002,octubre,Electronica,,1276,16
2002,octubre,Otros,,109,4
2002,octubre,Pesquera,,230,2
2002,octubre,Plastica,,293,9
2002,octubre,Textil,,272,8
2002,noviembre,Confeccionista,,267,5
2002,noviembre,Electronica,,1267,16
2002,noviembre,Otros,,105,4
2002,noviembre,Pesquera,,192,1
2002,noviembre,Plastica,,305,9
2002,noviembre,Textil,,289,8
2002,diciembre,Confeccionista,,267,5
2002,diciembre,Electronica,,1254,16
2002,diciembre,Otros,,35,3
2002,diciembre,Pesquera,,210,2
2002,diciembre,Plastica,,296,8
2002,diciembre,Textil,,297,7
2003,enero,Confeccionista,,296,6
2003,enero,Electronica,,1252,16
2003,enero,Otros,,124,4
2003,enero,Pesquera,,228,2
2003,enero,Plastica,,306,9
2003,enero,Textil,,298,8
2003,febrero,Confeccionista,,303,6
2003,febrero,Electronica,,1251,16
2003,febrero,Otros,,129,4
2003,febrero,Pesquera,,231,2
2003,febrero,Plastica,,307,9
2003,febrero,Textil,,285,8
2003,marzo,Confeccionista,,304,6
2003,marzo,Electronica,,1226,16
2003,marzo,Otros,,134,4
2003,marzo,Pesquera,,234,2
2003,marzo,Plastica,,309,9
2003,marzo,Textil,,320,8
2003,abril,Confeccionista,,318,6
2003,abril,Electronica,,1248,16
2003,abril,Otros,,134,4
2003,abril,Pesquera,,228,2
2003,abril,Plastica,,314,9
2003,abril,Textil,,325,8
2003,mayo,Confeccionista,,338,6
2003,mayo,Electronica,,1214,16
2003,mayo,Otros,,136,4
2003,mayo,Pesquera,,229,2
2003,mayo,Plastica,,316,9
2003,mayo,Textil,,334,8
2003,junio,Confeccionista,,345,6
2003,junio,Electronica,,1105,16
2003,junio,Otros,,134,4
2003,junio,Pesquera,,229,2
2003,junio,Plastica,,319,9
2003,junio,Textil,,336,7
2003,julio,Confeccionista,,361,6
2003,julio,Electronica,,1116,16
2003,julio,Otros,,126,4
2003,julio,Pesquera,,241,2
2003,julio,Plastica,,331,9
2003,julio,Textil,,345,7
2003,agosto,Confeccionista,,367,6
2003,agosto,Electronica,,1207,16
2003,agosto,Otros,,124,4
2003,agosto,Pesquera,,235,2
2003,agosto,Plastica,,347,9
2003,agosto,Textil,,376,8
2003,septiembre,Confeccionista,,377,6
2003,septiembre,Electronica,,1277,16
2003,septiembre,Otros,,128,4
2003,septiembre,Pesquera,,239,2
2003,septiembre,Plastica,,383,9
2003,septiembre,Textil,,382,8
2003,octubre,Confeccionista,,415,6
2003,octubre,Electronica,,1419,16
2003,octubre,Otros,,126,4
2003,octubre,Pesquera,,235,2
2003,octubre,Plastica,,396,9
2003,octubre,Textil,,394,8
2003,noviembre,Confeccionista,,402,6
2003,noviembre,Electronica,,1402,16
2003,noviembre,Otros,,131,4
2003,noviembre,Pesquera,,226,2
2003,noviembre,Plastica,,398,9
2003,noviembre,Textil,,390,8
2003,diciembre,Confeccionista,,402,6
2003,diciembre,Electronica,,1271,16
2003,diciembre,Otros,,130,4
2003,diciembre,Pesquera,,237,2
2003,diciembre,Plastica,,415,9
2003,diciembre,Textil,,388,7
2004,enero,Confeccionista,,407,6
2004,enero,Electronica,,1349,18
2004,enero,Otros,,127,4
2004,enero,Pesquera,,230,2
2004,enero,Plastica,,429,9
2004,enero,Textil,,410,8
2004,febrero,Confeccionista,,419,6
2004,febrero,Electronica,,1359,18
2004,febrero,Otros,,135,4
2004,febrero,Pesquera,,234,2
2004,febrero,Plastica,,463,9
2004,febrero,Textil,,424,8
2004,marzo,Confeccionista,,425,6
2004,marzo,Electronica,,1504,18
2004,marzo,Otros,,136,4
2004,marzo,Pesquera,,246,2
2004,marzo,Plastica,,484,9
2004,marzo,Textil,,415,8
2004,abril,Confeccionista,,421,6
2004,abril,Electronica,,1559,18
2004,abril,Otros,,135,4
2004,abril,Pesquera,,246,2
2004,abril,Plastica,,491,9
2004,abril,Textil,,411,8
2004,mayo,Confeccionista,,426,6
2004,mayo,Electronica,,1688,18
2004,mayo,Otros,,128,4
2004,mayo,Pesquera,,246,2
2004,mayo,Plastica,,463,9
2004,mayo,Textil,,427,8
2004,junio,Confeccionista,,424,6
2004,junio,Electronica,,1756,18
2004,junio,Otros,,128,4
2004,junio,Pesquera,,246,2
2004,junio,Plastica,,435,9
2004,junio,Textil,,434,8
2004,julio,Confeccionista,,432,6
2004,julio,Electronica,,1706,18
2004,julio,Otros,,125,4
2004,julio,Pesquera,,252,2
2004,julio,Plastica,,425,9
2004,julio,Textil,,441,8
2004,agosto,Confeccionista,,434,6
2004,agosto,Electronica,,2110,18
2004,agosto,Otros,,126,4
2004,agosto,Pesquera,,252,2
2004,agosto,Plastica,,435,9
2004,agosto,Textil,,450,8
2004,septiembre,Confeccionista,,430,6
2004,septiembre,Electronica,,2573,18
2004,septiembre,Otros,,124,4
2004,septiembre,Pesquera,,256,2
2004,septiembre,Plastica,,449,9
2004,septiembre,Textil,,443,8
2004,octubre,Confeccionista,,432,6
2004,octubre,Electronica,,2704,19
2004,octubre,Otros,,123,4
2004,octubre,Pesquera,,219,1
2004,octubre,Plastica,,467,9
2004,octubre,Textil,,464,8
2004,noviembre,Confeccionista,,445,6
2004,noviembre,Electronica,,2590,19
2004,noviembre,Otros,,130,4
2004,noviembre,Pesquera,,219,1
2004,noviembre,Plastica,,501,9
2004,noviembre,Textil,,466,8
2004,diciembre,Confeccionista,,421,5
2004,diciembre,Electronica,,1964,19
2004,diciembre,Otros,,126,4
2004,diciembre,Pesquera,,237,2
2004,diciembre,Plastica,,515,9
2004,diciembre,Textil,,448,7
2005,enero,Confeccionista,,475,6
2005,enero,Electronica,,1766,19
2005,enero,Otros,,122,4
2005,enero,Pesquera,,255,2
2005,enero,Plastica,,533,9
2005,enero,Textil,,472,8
2005,febrero,Confeccionista,,488,6
2005,febrero,Electronica,,1775,19
2005,febrero,Otros,,127,4
2005,febrero,Pesquera,,259,2
2005,febrero,Plastica,,537,9
2005,febrero,Textil,,485,8
2005,marzo,Confeccionista,,506,6
2005,marzo,Electronica,,1934,19
2005,marzo,Otros,,129,4
2005,marzo,Pesquera,,270,2
2005,marzo,Plastica,,570,9
2005,marzo,Textil,,500,8
2005,abril,Confeccionista,,508,6
2005,abril,Electronica,,1985,20
2005,abril,Otros,,131,4
2005,abril,Pesquera,,276,2
2005,abril,Plastica,,575,9
2005,abril,Textil,,509,8
2005,mayo,Confeccionista,,525,6
2005,mayo,Electronica,,2229,20
2005,mayo,Otros,,128,4
2005,mayo,Pesquera,,274,2
2005,mayo,Plastica,,553,9
2005,mayo,Textil,,515,8
2005,junio,Confeccionista,,541,6
2005,junio,Electronica,,2530,20
2005,junio,Otros,,126,4
2005,junio,Pesquera,,277,2
2005,junio,Plastica,,487,8
2005,junio,Textil,,525,8
2005,julio,Confeccionista,,533,6
2005,julio,Electronica,,2638,20
2005,julio,Otros,,126,4
2005,julio,Pesquera,,275,2
2005,julio,Plastica,,555,9
2005,julio,Textil,,536,8
2005,agosto,Confeccionista,,534,6
2005,agosto,Electronica,,3044,20
2005,agosto,Otros,,125,4
2005,agosto,Pesquera,,278,2
2005,agosto,Plastica,,565,9
2005,agosto,Textil,,530,8
2005,septiembre,Confeccionista,,532,6
2005,septiembre,Electronica,,3373,20
2005,septiembre,Otros,,125,4
2005,septiembre,Pesquera,,170,1
2005,septiembre,Plastica,,549,8
2005,septiembre,Textil,,545,8
2005,octubre,Confeccionista,,541,6
2005,octubre,Electronica,,3405,18
2005,octubre,Otros,,126,3
2005,octubre,Pesquera,,118,1
2005,octubre,Plastica,,570,8
2005,octubre,Textil,,557,8
2005,noviembre,Confeccionista,,550,6
2005,noviembre,Electronica,,3818,22
2005,noviembre,Otros,,127,2
2005,noviembre,Pesquera,,269,2
2005,noviembre,Plastica,,615,9
2005,noviembre,Textil,,576,8
2005,diciembre,Confeccionista,,546,6
2005,diciembre,Electronica,,3549,21
2005,diciembre,Otros,,128,2
2005,diciembre,Pesquera,,41,1
2005,diciembre,Plastica,,606,8
2005,diciembre,Textil,,587,7
2006,enero,Confeccionista,,552,6
2006,enero,Electronica,,3052,20
2006,enero,Otros,,125,4
2006,enero,Pesquera,,285,2
2006,enero,Plastica,,696,9
2006,enero,Textil,,585,8
2006,febrero,Confeccionista,,596,6
2006,febrero,Electronica,,3312,20
2006,febrero,Otros,,121,4
2006,febrero,Pesquera,,283,2
2006,febrero,Plastica,,701,9
2006,febrero,Textil,,579,8
2006,marzo,Confeccionista,,658,6
2006,marzo,Electronica,,3482,20
2006,marzo,Otros,,125,4
2006,marzo,Pesquera,,297,2
2006,marzo,Plastica,,650,9
2006,marzo,Textil,,574,8
2006,abril,Confeccionista,,651,6
2006,abril,Electronica,,3711,20
2006,abril,Otros,,117,4
2006,abril,Pesquera,,304,2
2006,abril,Plastica,,639,9
2006,abril,Textil,,557,8
2006,mayo,Confeccionista,,654,6
2006,mayo,Electronica,,3688,20
2006,mayo,Otros,,113,4
2006,mayo,Pesquera,,312,2
2006,mayo,Plastica,,661,9
2006,mayo,Textil,,558,8
2006,junio,Confeccionista,,660,6
2006,junio,Electronica,,3892,20
2006,junio,Otros,,115,4
2006,junio,Pesquera,,307,2
2006,junio,Plastica,,627,9
2006,junio,Textil,,561,8
2006,julio,Confeccionista,,662,6
2006,julio,Electronica,,3878,20
2006,julio,Otros,,116,4
2006,julio,Pesquera,,306,2
2006,julio,Plastica,,638,9
2006,julio,Textil,,567,8
2006,agosto,Confeccionista,,677,6
2006,agosto,Electronica,,4164,20
2006,agosto,Otros,,112,4
2006,agosto,Pesquera,,306,2
2006,agosto,Plastica,,661,9
2006,agosto,Textil,,567,8
2006,septiembre,Confeccionista,,672,6
2006,septiembre,Electronica,,4359,20
2006,septiembre,Otros,,55,4
2006,septiembre,Pesquera,,301,2
2006,septiembre,Plastica,,667,9
2006,septiembre,Textil,,576,8
2006,octubre,Confeccionista,,656,6
2006,octubre,Electronica,,4510,20
2006,octubre,Otros,,112,4
2006,octubre,Pesquera,,304,2
2006,octubre,Plastica,,678,9
2006,octubre,Textil,,596,8
2006,noviembre,Confeccionista,,673,6
2006,noviembre,Electronica,,4451,20
2006,noviembre,Otros,,114,4
2006,noviembre,Pesquera,,295,2
2006,noviembre,Plastica,,706,9
2006,noviembre,Textil,,600,8
2006,diciembre,Confeccionista,,668,6
2006,diciembre,Electronica,,3317,18
2006,diciembre,Otros,,112,4
2006,diciembre,Pesquera,,279,2
2006,diciembre,Plastica,,647,9
2006,diciembre,Textil,,619,8
2007,enero,Confeccionista,,664,6
2007,enero,Electronica,,2814,20
2007,enero,Otros,,113,4
2007,enero,Pesquera,,286,2
2007,enero,Plastica,,608,9
2007,enero,Textil,,613,8
2007,febrero,Confeccionista,,689,6
2007,febrero,Electronica,,2865,20
2007,febrero,Otros,,115,4
2007,febrero,Pesquera,,286,2
2007,febrero,Plastica,,612,9
2007,febrero,Textil,,616,8
2007,marzo,Confeccionista,,700,7
2007,marzo,Electronica,,3345,20
2007,marzo,Otros,,119,4
2007,marzo,Pesquera,,294,2
2007,marzo,Plastica,,649,9
2007,marzo,Textil,,609,8
2007,abril,Confeccionista,,754,7
2007,abril,Electronica,,3457,20
2007,abril,Otros,,120,4
2007,abril,Pesquera,,292,2
2007,abril,Plastica,,664,9
2007,abril,Textil,,616,8
2007,mayo,Confeccionista,,767,7
2007,mayo,Electronica,,3818,20
2007,mayo,Otros,,121,4
2007,mayo,Pesquera,,295,2
2007,mayo,Plastica,,651,9
2007,mayo,Textil,,617,8
2007,junio,Confeccionista,,737,7
2007,junio,Electronica,,4323,19
2007,junio,Otros,,120,4
2007,junio,Pesquera,,296,2
2007,junio,Plastica,,655,9
2007,junio,Textil,,613,8
2007,julio,Confeccionista,,735,7
2007,julio,Electronica,,4811,20
2007,julio,Otros,,122,4
2007,julio,Pesquera,,292,2
2007,julio,Plastica,,663,9
2007,julio,Textil,,607,8
2007,agosto,Confeccionista,,731,7
2007,agosto,Electronica,,4987,20
2007,agosto,Otros,,123,4
2007,agosto,Pesquera,,293,2
2007,agosto,Plastica,,713,9
2007,agosto,Textil,,615,8
2007,septiembre,Confeccionista,,732,7
2007,septiembre,Electronica,,5138,19
2007,septiembre,Otros,,123,4
2007,septiembre,Pesquera,,295,2
2007,septiembre,Plastica,,734,9
2007,septiembre,Textil,,621,8
2007,octubre,Confeccionista,,740,7
2007,octubre,Electronica,,5149,19
2007,octubre,Otros,,118,4
2007,octubre,Pesquera,,292,2
2007,octubre,Plastica,,720,9
2007,octubre,Textil,,627,8
2007,noviembre,Confeccionista,,732,7
2007,noviembre,Electronica,,5252,19
2007,noviembre,Otros,,106,4
2007,noviembre,Pesquera,,271,2
2007,noviembre,Plastica,,719,9
2007,noviembre,Textil,,635,8
2007,diciembre,Confeccionista,,723,7
2007,diciembre,Electronica,,4164,19
2007,diciembre,Otros,,66,3
2007,diciembre,Pesquera,,22,1
2007,diciembre,Plastica,,708,9
2007,diciembre,Textil,,623,7
2008,enero,Confeccionista,,707,7
2008,enero,Electronica,,3549,20
2008,enero,Otros,,179,6
2008,enero,Pesquera,,316,2
2008,enero,Plastica,,722,9
2008,enero,Textil,,639,8
2008,febrero,Confeccionista,,710,7
2008,febrero,Electronica,,3732,20
2008,febrero,Otros,,183,6
2008,febrero,Pesquera,,378,3
2008,febrero,Plastica,,803,9
2008,febrero,Textil,,639,8
2008,marzo,Confeccionista,,718,7
2008,marzo,Electronica,,3813,20
2008,marzo,Otros,,190,6
2008,marzo,Pesquera,,454,4
2008,marzo,Plastica,,711,9
2008,marzo,Textil,,628,8
2008,abril,Confeccionista,,727,7
2008,abril,Electronica,,3909,20
2008,abril,Otros,,189,5
2008,abril,Pesquera,,557,5
2008,abril,Plastica,,712,9
2008,abril,Textil,,634,8
2008,mayo,Confeccionista,,722,6
2008,mayo,Electronica,,4243,20
2008,mayo,Otros,,94,4
2008,mayo,Pesquera,,543,5
2008,mayo,Plastica,,702,9
2008,mayo,Textil,,645,8
2008,junio,Confeccionista,,722,6
2008,junio,Electronica,,4707,21
2008,junio,Otros,,94,5
2008,junio,Pesquera,,554,5
2008,junio,Plastica,,699,9
2008,junio,Textil,,616,8
2008,julio,Confeccionista,,703,6
2008,julio,Electronica,,5000,21
2008,julio,Otros,,96,5
2008,julio,Pesquera,,544,5
2008,julio,Plastica,,691,9
2008,julio,Textil,,621,8
2008,agosto,Confeccionista,,668,6
2008,agosto,Electronica,,5055,21
2008,agosto,Otros,,91,4
2008,agosto,Pesquera,,509,5
2008,agosto,Plastica,,663,9
2008,agosto,Textil,,619,8
2008,septiembre,Confeccionista,,630,5
2008,septiembre,Electronica,,5175,21
2008,septiembre,Otros,,92,5
2008,septiembre,Pesquera,,500,5
2008,septiembre,Plastica,,654,9
2008,septiembre,Textil,,619,8
2008,octubre,Confeccionista,,600,5
2008,octubre,Electronica,,5181,21
2008,octubre,Otros,,94,5
2008,octubre,Pesquera,,514,5
2008,octubre,Plastica,,644,9
2008,octubre,Textil,,618,8
2008,noviembre,Confeccionista,,600,5
2008,noviembre,Electronica,,5063,21
2008,noviembre,Otros,,93,4
2008,noviembre,Pesquera,,487,5
2008,noviembre,Plastica,,648,9
2008,noviembre,Textil,,623,8
2008,diciembre,Confeccionista,,595,5
2008,diciembre,Electronica,,3962,21
2008,diciembre,Otros,,92,5
2008,diciembre,Pesquera,,482,4
2008,diciembre,Plastica,,644,9
2008,diciembre,Textil,,612,7
2009,enero,Confeccionista,,597,6
2009,enero,Electronica,,3493,21
2009,enero,Otros,,189,6
2009,enero,Pesquera,,501,4
2009,enero,Plastica,,704,9
2009,enero,Textil,,622,8
2009,febrero,Confeccionista,,593,6
2009,febrero,Electronica,,2999,21
2009,febrero,Otros,,189,6
2009,febrero,Pesquera,,489,4
2009,febrero,Plastica,,710,9
2009,febrero,Textil,,629,8
2009,marzo,Confeccionista,,589,6
2009,marzo,Electronica,,2916,22
2009,marzo,Otros,,189,6
2009,marzo,Pesquera,,496,4
2009,marzo,Plastica,,700,9
2009,marzo,Textil,,619,8
2009,abril,Confeccionista,,570,6
2009,abril,Electronica,,2905,22
2009,abril,Otros,,187,5
2009,abril,Pesquera,,497,4
2009,abril,Plastica,,672,9
2009,abril,Textil,,609,8
2009,mayo,Confeccionista,,564,6
2009,mayo,Electronica,,2979,23
2009,mayo,Otros,,187,5
2009,mayo,Pesquera,,496,4
2009,mayo,Plastica,,635,9
2009,mayo,Textil,,613,8
2009,junio,Confeccionista,,564,6
2009,junio,Electronica,,2912,23
2009,junio,Otros,,186,5
2009,junio,Pesquera,,516,4
2009,junio,Plastica,,632,9
2009,junio,Textil,,619,8
2009,julio,Confeccionista,,563,6
2009,julio,Electronica,,3028,23
2009,julio,Otros,,183,5
2009,julio,Pesquera,,527,4
2009,julio,Plastica,,622,9
2009,julio,Textil,,610,8
2009,agosto,Confeccionista,,566,6
2009,agosto,Electronica,,3411,23
2009,agosto,Otros,,184,5
2009,agosto,Pesquera,,507,4
2009,agosto,Plastica,,616,9
2009,agosto,Textil,,605,8
2009,septiembre,Confeccionista,,556,6
2009,septiembre,Electronica,,3917,22
2009,septiembre,Otros,,184,5
2009,septiembre,Pesquera,,508,4
2009,septiembre,Plastica,,648,9
2009,septiembre,Textil,,604,8
2009,octubre,Confeccionista,,577,5
2009,octubre,Electronica,,4367,24
2009,octubre,Otros,,84,4
2009,octubre,Pesquera,,510,4
2009,octubre,Plastica,,653,9
2009,octubre,Textil,,616,8
2009,noviembre,Confeccionista,,577,5
2009,noviembre,Electronica,,4657,23
2009,noviembre,Otros,,81,4
2009,noviembre,Pesquera,,481,4
2009,noviembre,Plastica,,652,9
2009,noviembre,Textil,,618,8
2009,diciembre,Confeccionista,,574,5
2009,diciembre,Electronica,,4293,21
2009,diciembre,Otros,,60,2
2009,diciembre,Pesquera,,540,4
2009,diciembre,Plastica,,683,9
2009,diciembre,Textil,,616,7
2010,enero,Confeccionista,,572,7
2010,enero,Electronica,,4376,24
2010,enero,Otros,,80,4
2010,enero,Pesquera,,500,4
2010,enero,Plastica,,753,9
2010,enero,Textil,,627,8
2010,febrero,Confeccionista,,574,7
2010,febrero,Electronica,,4590,24
2010,febrero,Otros,,78,4
2010,febrero,Pesquera,,504,4
2010,febrero,Plastica,,724,9
2010,febrero,Textil,,623,8
2010,marzo,Confeccionista,,580,7
2010,marzo,Electronica,,4681,24
2010,marzo,Otros,,77,4
2010,marzo,Pesquera,,476,4
2010,marzo,Plastica,,734,9
2010,marzo,Textil,,638,8
2010,abril,Confeccionista,,575,7
2010,abril,Electronica,,4853,25
2010,abril,Otros,,76,4
2010,abril,Pesquera,,502,4
2010,abril,Plastica,,740,9
2010,abril,Textil,,643,8
2010,mayo,Confeccionista,,571,7
2010,mayo,Electronica,,5232,25
2010,mayo,Otros,,76,4
2010,mayo,Pesquera,,486,4
2010,mayo,Plastica,,730,9
2010,mayo,Textil,,654,8
2010,junio,Confeccionista,,571,7
2010,junio,Electronica,,5525,25
2010,junio,Otros,,76,4
2010,junio,Pesquera,,546,4
2010,junio,Plastica,,701,9
2010,junio,Textil,,649,8
2010,julio,Confeccionista,,567,7
2010,julio,Electronica,,5658,25
2010,julio,Otros,,82,4
2010,julio,Pesquera,,521,4
2010,julio,Plastica,,693,9
2010,julio,Textil,,650,8
2010,agosto,Confeccionista,,566,7
2010,agosto,Electronica,,6491,25
2010,agosto,Otros,,82,4
2010,agosto,Pesquera,,503,4
2010,agosto,Plastica,,772,9
2010,agosto,Textil,,645,8
2010,septiembre,Confeccionista,,557,6
2010,septiembre,Electronica,,7359,25
2010,septiembre,Otros,,85,4
2010,septiembre,Pesquera,,491,4
2010,septiembre,Plastica,,769,9
2010,septiembre,Textil,,640,8
2010,octubre,Confeccionista,,560,7
2010,octubre,Electronica,,7673,25
2010,octubre,Otros,,82,4
2010,octubre,Pesquera,,496,4
2010,octubre,Plastica,,773,9
2010,octubre,Textil,,662,8
2010,noviembre,Confeccionista,,556,7
2010,noviembre,Electronica,,7362,22
2010,noviembre,Otros,,82,4
2010,noviembre,Pesquera,,476,4
2010,noviembre,Plastica,,792,8
2010,noviembre,Textil,,679,8
2010,diciembre,Confeccionista,,419,5
2010,diciembre,Electronica,,7402,22
2010,diciembre,Otros,,78,4
2010,diciembre,Pesquera,,296,3
2010,diciembre,Plastica,,692,8
2010,diciembre,Textil,,681,7
2011,enero,Confeccionista,,531,6
2011,enero,Electronica,,6080,21
2011,enero,Otros,,539,4
2011,enero,Pesquera,,492,4
2011,enero,Plastica,,795,7
2011,enero,Textil,,681,8
2011,febrero,Confeccionista,,552,6
2011,febrero,Electronica,,6490,22
2011,febrero,Otros,,530,4
2011,febrero,Pesquera,,487,4
2011,febrero,Plastica,,791,7
2011,febrero,Textil,,683,8
2011,marzo,Confeccionista,,544,6
2011,marzo,Electronica,,6543,22
2011,marzo,Otros,,516,4
2011,marzo,Pesquera,,494,4
2011,marzo,Plastica,,781,7
2011,marzo,Textil,,676,8
2011,abril,Confeccionista,,547,6
2011,abril,Electronica,,7065,22
2011,abril,Otros,,529,4
2011,abril,Pesquera,,541,4
2011,abril,Plastica,,777,7
2011,abril,Textil,,656,8
2011,mayo,Confeccionista,,480,6
2011,mayo,Electronica,,7859,22
2011,mayo,Otros,,523,4
2011,mayo,Pesquera,,492,4
2011,mayo,Plastica,,763,7
2011,mayo,Textil,,673,8
2011,junio,Confeccionista,,481,6
2011,junio,Electronica,,8820,23
2011,junio,Otros,,521,4
2011,junio,Pesquera,,553,4
2011,junio,Plastica,,666,7
2011,junio,Textil,,662,8
2011,julio,Confeccionista,,462,5
2011,julio,Electronica,,9523,23
2011,julio,Otros,,516,4
2011,julio,Pesquera,,528,4
2011,julio,Plastica,,723,7
2011,julio,Textil,,661,8
2011,agosto,Confeccionista,,536,6
2011,agosto,Electronica,,9853,23
2011,agosto,Otros,,514,4
2011,agosto,Pesquera,,537,4
2011,agosto,Plastica,,743,7
2011,agosto,Textil,,655,8
2011,septiembre,Confeccionista,,542,6
2011,septiembre,Electronica,,10434,23
2011,septiembre,Otros,,518,4
2011,septiembre,Pesquera,,533,4
2011,septiembre,Plastica,,758,7
2011,septiembre,Textil,,651,8
2011,octubre,Confeccionista,,426,5
2011,octubre,Electronica,,10835,23
2011,octubre,Otros,,515,4
2011,octubre,Pesquera,,496,4
2011,octubre,Plastica,,775,7
2011,octubre,Textil,,641,8
2011,noviembre,Confeccionista,,419,5
2011,noviembre,Electronica,,10825,23
2011,noviembre,Otros,,508,4
2011,noviembre,Pesquera,,485,4
2011,noviembre,Plastica,,807,7
2011,noviembre,Textil,,652,8
2011,diciembre,Confeccionista,,413,5
2011,diciembre,Electronica,,10215,24
2011,diciembre,Otros,,505,4
2011,diciembre,Pesquera,,480,4
2011,diciembre,Plastica,,814,7
2011,diciembre,Textil,,654,8
2012,enero,Confeccionista,,401,6
2012,enero,Electronica,,8201,23
2012,enero,Otros,,481,4
2012,enero,Pesquera,,482,4
2012,enero,Plastica,,828,7
2012,enero,Textil,,664,8
2012,febrero,Confeccionista,,418,6
2012,febrero,Electronica,,8590,23
2012,febrero,Otros,,462,4
2012,febrero,Pesquera,,503,4
2012,febrero,Plastica,,833,7
2012,febrero,Textil,,647,8
2012,marzo,Confeccionista,,430,6
2012,marzo,Electronica,,9032,24
2012,marzo,Otros,,496,4
2012,marzo,Pesquera,,378,3
2012,marzo,Plastica,,834,7
2012,marzo,Textil,,651,8
2012,abril,Confeccionista,,432,6
2012,abril,Electronica,,9779,24
2012,abril,Otros,,473,3
2012,abril,Pesquera,,435,4
2012,abril,Plastica,,730,7
2012,abril,Textil,,650,8
2012,mayo,Confeccionista,,430,6
2012,mayo,Electronica,,10080,25
2012,mayo,Otros,,479,3
2012,mayo,Pesquera,,442,3
2012,mayo,Plastica,,766,9
2012,mayo,Textil,,648,8
2012,junio,Confeccionista,,430,6
2012,junio,Electronica,,10688,26
2012,junio,Otros,,475,3
2012,junio,Pesquera,,488,3
2012,junio,Plastica,,764,9
2012,junio,Textil,,653,8
2012,julio,Confeccionista,,424,6
2012,julio,Electronica,,11101,26
2012,julio,Otros,,486,3
2012,julio,Pesquera,,497,3
2012,julio,Plastica,,729,9
2012,julio,Textil,,644,8
2012,agosto,Confeccionista,,426,6
2012,agosto,Electronica,,11681,27
2012,agosto,Otros,,488,3
2012,agosto,Pesquera,,458,3
2012,agosto,Plastica,,718,8
2012,agosto,Textil,,641,8
2012,septiembre,Confeccionista,,422,6
2012,septiembre,Electronica,,12155,27
2012,septiembre,Otros,,498,3
2012,septiembre,Pesquera,,449,3
2012,septiembre,Plastica,,736,8
2012,septiembre,Textil,,651,8
2012,octubre,Confeccionista,,425,6
2012,octubre,Electronica,,12271,27
2012,octubre,Otros,,523,3
2012,octubre,Pesquera,,401,3
2012,octubre,Plastica,,750,8
2012,octubre,Textil,,648,8
2012,noviembre,Confeccionista,,428,6
2012,noviembre,Electronica,,12632,27
2012,noviembre,Otros,,538,3
2012,noviembre,Pesquera,,406,3
2012,noviembre,Plastica,,729,7
2012,noviembre,Textil,,656,8
2012,diciembre,Confeccionista,,429,6
2012,diciembre,Electronica,,11207,27
2012,diciembre,Otros,,532,3
2012,diciembre,Pesquera,,447,3
2012,diciembre,Plastica,,746,7
2012,diciembre,Textil,,666,8
2013,enero,Confeccionista,219953.0,452,6
2013,enero,Electronica,1260521.0,11001,27
2013,enero,Otros,2347676.0,515,3
2013,enero,Pesquera,2056519.0,415,3
2013,enero,Plastica,7415631.0,795,7
2013,enero,Textil,2067922.0,662,8
2013,febrero,Confeccionista,478428.0,465,6
2013,febrero,Electronica,1559546.0,11381,27
2013,febrero,Otros,1951162.0,497,3
2013,febrero,Pesquera,2016742.0,412,3
2013,febrero,Plastica,7822623.0,812,7
2013,febrero,Textil,2210462.0,677,8
2013,marzo,Confeccionista,455248.0,470,6
2013,marzo,Electronica,1935759.0,11753,27
2013,marzo,Otros,2009368.0,494,3
2013,marzo,Pesquera,1658171.0,433,3
2013,marzo,Plastica,8822137.0,741,7
2013,marzo,Textil,2999587.0,660,8
2013,abril,Confeccionista,569380.0,481,6
2013,abril,Electronica,2072806.0,12124,27
2013,abril,Otros,2451806.0,504,3
2013,abril,Pesquera,2612904.0,441,3
2013,abril,Plastica,9082189.0,742,7
2013,abril,Textil,2624834.0,689,8
2013,mayo,Confeccionista,610624.0,476,6
2013,mayo,Electronica,2538083.0,12227,27
2013,mayo,Otros,2956661.0,503,3
2013,mayo,Pesquera,1993512.0,422,3
2013,mayo,Plastica,8274301.0,767,7
2013,mayo,Textil,2943540.0,685,8
2013,junio,Confeccionista,517452.0,475,6
2013,junio,Electronica,1885665.0,12393,27
2013,junio,Otros,3135748.0,505,3
2013,junio,Pesquera,1168441.0,443,3
2013,junio,Plastica,6730647.0,740,7
2013,junio,Textil,2301203.0,686,8
2013,julio,Confeccionista,559855.0,481,6
2013,julio,Electronica,2532568.0,13120,27
2013,julio,Otros,4580512.0,505,3
2013,julio,Pesquera,1005065.0,407,3
2013,julio,Plastica,7355424.0,721,7
2013,julio,Textil,2936354.0,684,8
2013,agosto,Confeccionista,579140.0,477,6
2013,agosto,Electronica,2370333.0,13450,27
2013,agosto,Otros,3916906.0,482,3
2013,agosto,Pesquera,406121.0,416,3
2013,agosto,Plastica,7578185.0,723,7
2013,agosto,Textil,2670095.0,682,8
2013,septiembre,Confeccionista,481588.0,471,6
2013,septiembre,Electronica,2656865.0,13727,27
2013,septiembre,Otros,3115026.0,484,3
2013,septiembre,Pesquera,594932.0,413,3
2013,septiembre,Plastica,8049806.0,723,7
2013,septiembre,Textil,2770689.0,646,7
2013,octubre,Confeccionista,517940.0,459,6
2013,octubre,Electronica,2852557.0,13775,27
2013,octubre,Otros,1818850.0,487,3
2013,octubre,Pesquera,1220778.0,416,3
2013,octubre,Plastica,8469223.0,723,7
2013,octubre,Textil,3070526.0,671,8
2013,noviembre,Confeccionista,471284.0,452,6
2013,noviembre,Electronica,2196604.0,13618,27
2013,noviembre,Otros,3491840.0,475,3
2013,noviembre,Pesquera,1324136.0,421,3
2013,noviembre,Plastica,6927031.0,722,7
2013,noviembre,Textil,3067645.0,567,7
2013,diciembre,Confeccionista,319524.0,447,6
2013,diciembre,Electronica,1889497.0,11363,27
2013,diciembre,Otros,2390384.0,476,3
2013,diciembre,Pesquera,1316084.0,444,3
2013,diciembre,Plastica,5297455.0,726,7
2013,diciembre,Textil,2459273.0,726,8
2014,enero,Confeccionista,243751.0,442,6
2014,enero,Electronica,1044445.0,10116,27
2014,enero,Otros,2723714.0,453,3
2014,enero,Pesquera,1539932.0,422,3
2014,enero,Plastica,5063428.0,731,7
2014,enero,Textil,1894573.0,723,8
2014,febrero,Confeccionista,386730.0,460,6
2014,febrero,Electronica,1820322.0,9856,27
2014,febrero,Otros,2008138.0,451,3
2014,febrero,Pesquera,1670785.0,449,3
2014,febrero,Plastica,7197488.0,727,7
2014,febrero,Textil,2429042.0,731,8
2014,marzo,Confeccionista,413565.0,467,6
2014,marzo,Electronica,1674833.0,10277,27
2014,marzo,Otros,2576382.0,442,3
2014,marzo,Pesquera,1750969.0,449,3
2014,marzo,Plastica,7938433.0,717,7
2014,marzo,Textil,2532458.0,743,8
2014,abril,Confeccionista,446065.0,312,5
2014,abril,Electronica,1775357.0,9821,27
2014,abril,Otros,3606334.0,430,3
2014,abril,Pesquera,2488762.0,434,3
2014,abril,Plastica,7832127.0,717,7
2014,abril,Textil,2530014.0,725,8
2014,mayo,Confeccionista,547531.0,453,6
2014,mayo,Electronica,1782743.0,9884,27
2014,mayo,Otros,3376108.0,426,3
2014,mayo,Pesquera,2360634.0,439,3
2014,mayo,Plastica,8139937.0,718,7
2014,mayo,Textil,2821149.0,719,8
2014,junio,Confeccionista,450209.0,438,6
2014,junio,Electronica,1733643.0,10330,27
2014,junio,Otros,4029703.0,433,3
2014,junio,Pesquera,1259027.0,448,3
2014,junio,Plastica,7377338.0,721,7
2014,junio,Textil,2505722.0,687,8
2014,julio,Confeccionista,350009.0,437,6
2014,julio,Electronica,1850280.0,10683,27
2014,julio,Otros,3907903.0,423,3
2014,julio,Pesquera,199647.0,436,3
2014,julio,Plastica,7688990.0,732,7
2014,julio,Textil,2672114.0,680,8
2014,agosto,Confeccionista,365418.0,429,6
2014,agosto,Electronica,1804478.0,11512,27
2014,agosto,Otros,4115802.0,415,3
2014,agosto,Pesquera,849743.0,446,3
2014,agosto,Plastica,8947520.0,707,7
2014,agosto,Textil,2579214.0,668,8
2014,septiembre,Confeccionista,419830.0,427,6
2014,septiembre,Electronica,1768065.0,11845,27
2014,septiembre,Otros,3865077.0,415,3
2014,septiembre,Pesquera,937891.0,446,3
2014,septiembre,Plastica,7450281.0,709,7
2014,septiembre,Textil,2330475.0,657,8
2014,octubre,Confeccionista,462323.0,420,6
2014,octubre,Electronica,1606395.0,11471,27
2014,octubre,Otros,3933395.0,435,3
2014,octubre,Pesquera,1633869.0,438,3
2014,octubre,Plastica,8947616.0,723,7
2014,octubre,Textil,2343326.0,669,8
2014,noviembre,Confeccionista,375165.0,421,6
2014,noviembre,Electronica,1213095.0,11560,28
2014,noviembre,Otros,3548094.0,417,3
2014,noviembre,Pesquera,1166999.0,460,3
2014,noviembre,Plastica,7963218.0,734,7
2014,noviembre,Textil,2398956.0,660,8
2014,diciembre,Confeccionista,207726.0,382,6
2014,diciembre,Electronica,843945.0,8442,28
2014,diciembre,Otros,2326895.0,418,3
2014,diciembre,Pesquera,1381679.0,476,3
2014,diciembre,Plastica,6208416.0,755,7
2014,diciembre,Textil,1662619.0,656,8
2015,enero,Confeccionista,228059.0,397,6
2015,enero,Electronica,452592.0,8101,28
2015,enero,Otros,605296.0,405,3
2015,enero,Pesquera,1993768.0,484,3
2015,enero,Plastica,5699209.0,750,7
2015,enero,Textil,1753597.0,653,8
2015,febrero,Confeccionista,376008.0,394,6
2015,febrero,Electronica,1041700.0,8751,28
2015,febrero,Otros,2502838.0,401,3
2015,febrero,Pesquera,1833484.0,462,3
2015,febrero,Plastica,6703243.0,761,7
2015,febrero,Textil,2502238.0,659,8
2015,marzo,Confeccionista,418446.0,397,6
2015,marzo,Electronica,1366552.0,8784,28
2015,marzo,Otros,2784246.0,405,3
2015,marzo,Pesquera,1604794.0,445,3
2015,marzo,Plastica,8777702.0,753,7
2015,marzo,Textil,2881814.0,657,8
2015,abril,Confeccionista,402080.0,396,6
2015,abril,Electronica,1429323.0,9359,28
2015,abril,Otros,2974568.0,403,3
2015,abril,Pesquera,1311268.0,442,3
2015,abril,Plastica,8378931.0,751,7
2015,abril,Textil,2485116.0,665,8
2015,mayo,Confeccionista,348626.0,394,6
2015,mayo,Electronica,1434447.0,9944,28
2015,mayo,Otros,1645753.0,400,3
2015,mayo,Pesquera,1588143.0,439,3
2015,mayo,Plastica,8736245.0,787,7
2015,mayo,Textil,2449465.0,656,8
2015,junio,Confeccionista,371269.0,380,6
2015,junio,Electronica,1673155.0,10554,28
2015,junio,Otros,2243848.0,406,3
2015,junio,Pesquera,1421880.0,451,3
2015,junio,Plastica,9306644.0,785,7
2015,junio,Textil,2168984.0,659,8
2015,julio,Confeccionista,359448.0,369,6
2015,julio,Electronica,1692873.0,11227,28
2015,julio,Otros,2495916.0,409,3
2015,julio,Pesquera,1627258.0,471,3
2015,julio,Plastica,9103024.0,801,7
2015,julio,Textil,2550138.0,662,8
2015,agosto,Confeccionista,366942.0,386,6
2015,agosto,Electronica,1907775.0,11944,28
2015,agosto,Otros,1865512.0,404,3
2015,agosto,Pesquera,1046034.0,483,3
2015,agosto,Plastica,9907592.0,810,7
2015,agosto,Textil,2711991.0,686,8
2015,septiembre,Confeccionista,442022.0,390,6
2015,septiembre,Electronica,2234524.0,12980,28
2015,septiembre,Otros,2195196.0,412,3
2015,septiembre,Pesquera,1341353.0,466,3
2015,septiembre,Plastica,10512316.0,806,7
2015,septiembre,Textil,3063759.0,694,8
2015,octubre,Confeccionista,385704.0,383,6
2015,octubre,Electronica,2584134.0,13706,28
2015,octubre,Otros,232369.0,453,3
2015,octubre,Pesquera,1397406.0,477,3
2015,octubre,Plastica,9310114.0,813,7
2015,octubre,Textil,3445725.0,733,8
2015,noviembre,Confeccionista,471951.0,389,6
2015,noviembre,Electronica,2520468.0,13820,28
2015,noviembre,Otros,3059314.0,453,3
2015,noviembre,Pesquera,1626093.0,492,3
2015,noviembre,Plastica,7638384.0,780,7
2015,noviembre,Textil,3436191.0,768,8
2015,diciembre,Confeccionista,258387.0,388,6
2015,diciembre,Electronica,1676879.0,13408,28
2015,diciembre,Otros,2451078.0,500,3
2015,diciembre,Pesquera,1921772.0,504,3
2015,diciembre,Plastica,7064304.0,780,7
2015,diciembre,Textil,2640509.0,767,8
2016,enero,Confeccionista,245152.0,388,6
2016,enero,Electronica,832510.0,10034,28
2016,enero,Otros,629243.0,503,3
2016,enero,Pesquera,2151149.0,512,3
2016,enero,Plastica,6846812.0,817,7
2016,enero,Textil,1649512.0,728,8
2016,febrero,Confeccionista,433600.0,395,6
2016,febrero,Electronica,1663744.0,10202,28
2016,febrero,Otros,2473052.0,488,3
2016,febrero,Pesquera,2042445.0,511,3
2016,febrero,Plastica,8815590.0,838,7
2016,febrero,Textil,2700294.0,713,8
2016,marzo,Confeccionista,429906.0,392,6
2016,marzo,Electronica,1904469.0,10152,28
2016,marzo,Otros,2382011.0,493,3
2016,marzo,Pesquera,1064138.0,510,3
2016,marzo,Plastica,9780510.0,812,7
2016,marzo,Textil,3249374.0,720,8
2016,abril,Confeccionista,505113.0,403,6
2016,abril,Electronica,1692160.0,9713,28
2016,abril,Otros,3184760.0,499,3
2016,abril,Pesquera,1131738.0,499,3
2016,abril,Plastica,9209110.0,796,7
2016,abril,Textil,3109397.0,755,8
2016,mayo,Confeccionista,435803.0,400,6
2016,mayo,Electronica,1423276.0,9335,28
2016,mayo,Otros,2019817.0,507,3
2016,mayo,Pesquera,1702250.0,479,3
2016,mayo,Plastica,9677046.0,772,7
2016,mayo,Textil,3121007.0,763,8
2016,junio,Confeccionista,407999.0,406,6
2016,junio,Electronica,1326159.0,9429,28
2016,junio,Otros,1952458.0,384,3
2016,junio,Pesquera,1625303.0,483,3
2016,junio,Plastica,8648316.0,765,7
2016,junio,Textil,2798118.0,738,8
2016,julio,Confeccionista,448438.0,400,6
2016,julio,Electronica,1224491.0,9505,28
2016,julio,Otros,749727.0,505,3
2016,julio,Pesquera,858028.0,479,3
2016,julio,Plastica,8045126.0,763,7
2016,julio,Textil,2827302.0,740,8
2016,agosto,Confeccionista,549292.0,401,6
2016,agosto,Electronica,1458319.0,10055,28
2016,agosto,Otros,928111.0,523,3
2016,agosto,Pesquera,943517.0,472,3
2016,agosto,Plastica,8324038.0,762,7
2016,agosto,Textil,3004649.0,732,8
2016,septiembre,Confeccionista,459349.0,383,6
2016,septiembre,Electronica,1451614.0,10160,28
2016,septiembre,Otros,1013673.0,521,3
2016,septiembre,Pesquera,1186181.0,470,3
2016,septiembre,Plastica,8603148.0,763,7
2016,septiembre,Textil,2866470.0,711,8
2016,octubre,Confeccionista,281003.0,374,6
2016,octubre,Electronica,1246910.0,9839,28
2016,octubre,Otros,1382200.0,507,3
2016,octubre,Pesquera,1566628.0,466,3
2016,octubre,Plastica,8449551.0,765,7
2016,octubre,Textil,2752536.0,698,8
2016,noviembre,Confeccionista,324644.0,371,6
2016,noviembre,Electronica,1458018.0,9232,28
2016,noviembre,Otros,1010605.0,460,3
2016,noviembre,Pesquera,2292204.0,471,3
2016,noviembre,Plastica,7752419.0,769,7
2016,noviembre,Textil,3168790.0,699,8
2016,diciembre,Confeccionista,322441.0,365,6
2016,diciembre,Electronica,653754.0,7214,28
2016,diciembre,Otros,754858.0,439,3
2016,diciembre,Pesquera,1914587.0,490,3
2016,diciembre,Plastica,6570992.0,797,7
2016,diciembre,Textil,1523007.0,688,8
2017,enero,Confeccionista,294658.0,362,6
2017,enero,Electronica,471312.0,7170,27
2017,enero,Otros,84968.0,445,3
2017,enero,Pesquera,1796776.0,499,3
2017,enero,Plastica,8729440.0,834,7
2017,enero,Textil,1710275.0,698,8
2017,febrero,Confeccionista,262767.0,359,6
2017,febrero,Electronica,1124886.0,7227,28
2017,febrero,Otros,824522.0,438,3
2017,febrero,Pesquera,1540609.0,491,3
2017,febrero,Plastica,8437398.0,830,7
2017,febrero,Textil,2590672.0,698,8
2017,marzo,Confeccionista,302522.0,357,6
2017,marzo,Electronica,1432996.0,7273,28
2017,marzo,Otros,141212.0,436,3
2017,marzo,Pesquera,1817136.0,477,3
2017,marzo,Plastica,9497921.0,809,7
2017,marzo,Textil,3010019.0,701,8
2017,abril,Confeccionista,260191.0,357,6
2017,abril,Electronica,1276167.0,7274,28
2017,abril,Otros,125556.0,434,3
2017,abril,Pesquera,1323671.0,477,3
2017,abril,Plastica,8830334.0,781,7
2017,abril,Textil,2636862.0,716,8
2017,mayo,Confeccionista,364380.0,361,6
2017,mayo,Electronica,1507805.0,7520,28
2017,mayo,Otros,150486.0,429,3
2017,mayo,Pesquera,1070325.0,472,3
2017,mayo,Plastica,8896405.0,759,7
2017,mayo,Textil,2799121.0,710,8
2017,junio,Confeccionista,309982.0,334,6
2017,junio,Electronica,1402816.0,7831,28
2017,junio,Otros,165147.0,429,3
2017,junio,Pesquera,1359125.0,468,3
2017,junio,Plastica,8142679.0,749,7
2017,junio,Textil,2980543.0,719,8
2017,julio,Confeccionista,338130.0,335,6
2017,julio,Electronica,1497207.0,8358,27
2017,julio,Otros,178985.0,441,3
2017,julio,Pesquera,336118.0,456,3
2017,julio,Plastica,8354584.0,734,7
2017,julio,Textil,3242415.0,734,8
2017,agosto,Confeccionista,351325.0,336,6
2017,agosto,Electronica,1842333.0,8772,28
2017,agosto,Otros,158913.0,435,3
2017,agosto,Pesquera,85575.0,444,3
2017,agosto,Plastica,9216255.0,738,7
2017,agosto,Textil,3450068.0,727,8
2017,septiembre,Confeccionista,333526.0,332,6
2017,septiembre,Electronica,1619919.0,8912,28
2017,septiembre,Otros,140842.0,428,3
2017,septiembre,Pesquera,710849.0,461,3
2017,septiembre,Plastica,9098484.0,736,7
2017,septiembre,Textil,2897709.0,730,8
2017,octubre,Confeccionista,282717.0,326,6
2017,octubre,Electronica,1714437.0,9174,27
2017,octubre,Otros,97974.0,439,3
2017,octubre,Pesquera,1529843.0,445,3
2017,octubre,Plastica,9680694.0,737,7
2017,octubre,Textil,2825190.0,705,8
2017,noviembre,Confeccionista,374939.0,332,6
2017,noviembre,Electronica,1784303.0,9343,27
2017,noviembre,Otros,114586.0,435,3
2017,noviembre,Pesquera,1613570.0,449,3
2017,noviembre,Plastica,9216157.0,741,7
2017,noviembre,Textil,3166027.0,723,8
2017,diciembre,Confeccionista,176271.0,311,6
2017,diciembre,Electronica,1146795.0,8085,27
2017,diciembre,Otros,23962.0,411,3
2017,diciembre,Pesquera,1671218.0,497,3
2017,diciembre,Plastica,7177781.0,743,7
2017,diciembre,Textil,1862277.0,716,8
2018,enero,Confeccionista,288888.0,328,6
2018,enero,Electronica,843983.0,8209,27
2018,enero,Otros,75968.0,422,3
2018,enero,Pesquera,2050001.0,501,3
2018,enero,Plastica,6783922.0,771,7
2018,enero,Textil,2227092.0,722,8
2018,febrero,Confeccionista,335838.0,330,6
2018,febrero,Electronica,1451177.0,8679,27
2018,febrero,Otros,83668.0,420,3
2018,febrero,Pesquera,1218200.0,482,3
2018,febrero,Plastica,6787472.0,767,7
2018,febrero,Textil,2755876.0,776,8
2018,marzo,Confeccionista,397081.0,338,6
2018,marzo,Electronica,1722452.0,8955,27
2018,marzo,Otros,111312.0,425,3
2018,marzo,Pesquera,1249641.0,488,3
2018,marzo,Plastica,10052349.0,759,7
2018,marzo,Textil,3013315.0,725,8
2018,abril,Confeccionista,306392.0,333,6
2018,abril,Electronica,1508069.0,8460,26
2018,abril,Otros,104260.0,430,3
2018,abril,Pesquera,1664986.0,474,3
2018,abril,Plastica,9750587.0,745,7
2018,abril,Textil,2838847.0,732,8
2018,mayo,Confeccionista,301173.0,331,6
2018,mayo,Electronica,1560488.0,8664,28
2018,mayo,Otros,107794.0,424,3
2018,mayo,Pesquera,1792147.0,472,3
2018,mayo,Plastica,10619119.0,743,7
2018,mayo,Textil,2915634.0,727,8
2018,junio,Confeccionista,304680.0,329,6
2018,junio,Electronica,1016559.0,7726,26
2018,junio,Otros,106476.0,411,2
2018,junio,Pesquera,1390240.0,474,3
2018,junio,Plastica,9379800.0,740,7
2018,junio,Textil,2260029.0,702,8
2018,julio,Confeccionista,368342.0,324,6
2018,julio,Electronica,1016504.0,7669,26
2018,julio,Otros,104638.0,399,2
2018,julio,Pesquera,1107875.0,470,3
2018,julio,Plastica,9887490.0,746,7
2018,julio,Textil,2569102.0,693,8
2018,agosto,Confeccionista,343150.0,326,5
2018,agosto,Electronica,1062447.0,7624,26
2018,agosto,Otros,96288.0,391,2
2018,agosto,Pesquera,1318634.0,454,3
2018,agosto,Plastica,9508183.0,746,7
2018,agosto,Textil,2316587.0,675,8
2018,septiembre,Confeccionista,274763.0,320,5
2018,septiembre,Electronica,810898.0,7306,25
2018,septiembre,Otros,85640.0,405,2
2018,septiembre,Pesquera,1533436.0,457,3
2018,septiembre,Plastica,10002390.0,738,7
2018,septiembre,Textil,1816070.0,659,8
2018,octubre,Confeccionista,310663.0,319,5
2018,octubre,Electronica,938262.0,7147,25
2018,octubre,Otros,29010.0,410,2
2018,octubre,Pesquera,1367134.0,459,3
2018,octubre,Plastica,9703515.0,737,7
2018,octubre,Textil,1858234.0,657,8
2018,noviembre,Confeccionista,258550.0,312,5
2018,noviembre,Electronica,886652.0,6912,25
2018,noviembre,Otros,56288.0,407,2
2018,noviembre,Pesquera,2004289.0,441,3
2018,noviembre,Plastica,8778516.0,734,7
2018,noviembre,Textil,1676250.0,652,8
2018,diciembre,Confeccionista,105068.0,309,5
2018,diciembre,Electronica,516471.0,6237,25
2018,diciembre,Otros,4056.0,392,2
2018,diciembre,Pesquera,1204108.0,468,3
2018,diciembre,Plastica,4756251.0,738,7
2018,diciembre,Textil,879735.0,622,8
2019,enero,Confeccionista,133370.0,285,4
2019,enero,Electronica,361916.0,6202,25
2019,enero,Otros,31302.0,394,2
2019,enero,Pesquera,2168772.0,472,3
2019,enero,Plastica,6653549.0,759,7
2019,enero,Textil,836480.0,621,8
2019,febrero,Confeccionista,213945.0,245,5
2019,febrero,Electronica,722980.0,6026,25
2019,febrero,Otros,66238.0,386,2
2019,febrero,Pesquera,1806644.0,461,3
2019,febrero,Plastica,8161728.0,702,7
2019,febrero,Textil,1394865.0,622,8
2019,marzo,Confeccionista,185119.0,244,5
2019,marzo,Electronica,778486.0,5876,24
2019,marzo,Otros,81114.0,383,2
2019,marzo,Pesquera,1700333.0,470,3
2019,marzo,Plastica,9577034.0,700,7
2019,marzo,Textil,1507704.0,615,8
2019,abril,Confeccionista,197315.0,219,5
2019,abril,Electronica,835813.0,5908,24
2019,abril,Otros,92904.0,366,2
2019,abril,Pesquera,1752975.0,482,3
2019,abril,Plastica,9202770.0,679,7
2019,abril,Textil,1752580.0,614,8
2019,mayo,Confeccionista,249348.0,220,4
2019,mayo,Electronica,983448.0,5944,24
2019,mayo,Otros,93704.0,364,2
2019,mayo,Pesquera,1671495.0,479,3
2019,mayo,Plastica,10259123.0,667,7
2019,mayo,Textil,1688659.0,622,8
2019,junio,Confeccionista,223158.0,219,4
2019,junio,Electronica,874689.0,6025,24
2019,junio,Otros,86334.0,365,2
2019,junio,Pesquera,1101290.0,478,3
2019,junio,Plastica,10790813.0,663,7
2019,junio,Textil,1713404.0,609,8
2019,julio,Confeccionista,229626.0,221,5
2019,julio,Electronica,1169246.0,6124,24
2019,julio,Otros,109590.0,387,2
2019,julio,Pesquera,1200154.0,460,3
2019,julio,Plastica,10525011.0,664,7
2019,julio,Textil,2056799.0,619,8
2019,agosto,Confeccionista,270673.0,216,5
2019,agosto,Electronica,1130373.0,6085,24
2019,agosto,Otros,83586.0,399,2
2019,agosto,Pesquera,717461.0,459,3
2019,agosto,Plastica,10142377.0,664,7
2019,agosto,Textil,2129574.0,620,8
2019,septiembre,Confeccionista,270749.0,213,4
2019,septiembre,Electronica,841821.0,5868,24
2019,septiembre,Otros,58716.0,393,2
2019,septiembre,Pesquera,153983.0,456,3
2019,septiembre,Plastica,10640743.0,661,7
2019,septiembre,Textil,1881599.0,619,8
2019,octubre,Confeccionista,314997.0,205,5
2019,octubre,Electronica,886472.0,5829,24
2019,octubre,Otros,21738.0,392,2
2019,octubre,Pesquera,1462599.0,459,3
2019,octubre,Plastica,11502118.0,664,7
2019,octubre,Textil,2206637.0,629,8
2019,noviembre,Confeccionista,292751.0,217,5
2019,noviembre,Electronica,838822.0,5902,24
2019,noviembre,Otros,11280.0,342,2
2019,noviembre,Pesquera,1421721.0,456,3
2019,noviembre,Plastica,10979461.0,670,7
2019,noviembre,Textil,2195192.0,621,8
2019,diciembre,Confeccionista,188507.0,211,5
2019,diciembre,Electronica,690316.0,5894,24
2019,diciembre,Otros,1170.0,336,2
2019,diciembre,Pesquera,1316945.0,491,3
2019,diciembre,Plastica,6903002.0,665,7
2019,diciembre,Textil,1418336.0,620,8
2020,enero,Confeccionista,168608.0,220,5
2020,enero,Electronica,564258.0,5676,24
2020,enero,Otros,8589.0,312,2
2020,enero,Pesquera,1471039.0,483,3
2020,enero,Plastica,9536177.0,685,7
2020,enero,Textil,1221121.0,627,8
2020,febrero,Confeccionista,276862.0,228,5
2020,febrero,Electronica,759914.0,5660,23
2020,febrero,Otros,7884.0,322,2
2020,febrero,Pesquera,1663602.0,483,3
2020,febrero,Plastica,10300779.0,698,7
2020,febrero,Textil,1796964.0,628,8
2020,marzo,Confeccionista,149332.0,231,5
2020,marzo,Electronica,440186.0,5732,23
2020,marzo,Otros,5400.0,321,2
2020,marzo,Pesquera,1206789.0,465,3
2020,marzo,Plastica,10764049.0,692,7
2020,marzo,Textil,1155162.0,637,8
2020,abril,Confeccionista,270749.0,210,5
2020,abril,Electronica,841821.0,5223,23
2020,abril,Otros,58716.0,303,2
2020,abril,Pesquera,1284353.0,480,3
2020,abril,Plastica,10061129.0,712,7
2020,abril,Textil,1881599.0,624,8
2020,mayo,Confeccionista,80992.0,224,5
2020,mayo,Electronica,310987.0,6150,23
2020,mayo,Otros,2184.0,346,2
2020,mayo,Pesquera,1600866.0,497,3
2020,mayo,Plastica,10971348.0,670,7
2020,mayo,Textil,491542.0,615,8
2020,junio,Confeccionista,163654.0,239,5
2020,junio,Electronica,792215.0,7091,23
2020,junio,Otros,5124.0,406,2
2020,junio,Pesquera,1007177.0,489,3
2020,junio,Plastica,11446278.0,683,7
2020,junio,Textil,1576215.0,603,8
2020,julio,Confeccionista,232293.0,252,5
2020,julio,Electronica,1131857.0,7570,24
2020,julio,Otros,8856.0,429,2
2020,julio,Pesquera,1327465.0,495,3
2020,julio,Plastica,11148417.0,679,7
2020,julio,Textil,1841171.0,620,8
2020,agosto,Confeccionista,68020.0,251,5
2020,agosto,Electronica,587285.0,7414,24
2020,agosto,Otros,5060.0,355,2
2020,agosto,Pesquera,1441705.0,492,3
2020,agosto,Plastica,11399229.0,672,7
2020,agosto,Textil,634402.0,612,8
2020,septiembre,Confeccionista,277586.0,257,5
2020,septiembre,Electronica,1182031.0,8636,24
2020,septiembre,Otros,11376.0,460,2
2020,septiembre,Pesquera,1192348.0,505,3
2020,septiembre,Plastica,10401474.0,673,7
2020,septiembre,Textil,2202280.0,628,8
2020,octubre,Confeccionista,258316.0,290,5
2020,octubre,Electronica,1319701.0,9839,24
2020,octubre,Otros,12064.0,459,2
2020,octubre,Pesquera,1728487.0,495,3
2020,octubre,Plastica,10409432.0,696,7
2020,octubre,Textil,1975138.0,631,8
2020,noviembre,Confeccionista,304086.0,295,5
2020,noviembre,Electronica,1546342.0,10347,23
2020,noviembre,Otros,11292.0,413,2
2020,noviembre,Pesquera,981841.0,531,3
2020,noviembre,Plastica,10819058.0,698,7
2020,noviembre,Textil,2233046.0,646,8
2020,diciembre,Confeccionista,165182.0,262,4
2020,diciembre,Electronica,1176020.0,8457,23
2020,diciembre,Otros,11160.0,337,2
2020,diciembre,Pesquera,1533052.0,538,3
2020,diciembre,Plastica,9153274.0,700,7
2020,diciembre,Textil,1546142.0,665,8
2021,enero,Confeccionista,217807.0,274,5
2021,enero,Electronica,915482.0,8981,23
2021,enero,Otros,6936.0,391,2
2021,enero,Pesquera,1578254.0,528,3
2021,enero,Plastica,11149083.0,728,7
2021,enero,Textil,1407778.0,654,8
2021,febrero,Confeccionista,292748.0,273,5
2021,febrero,Electronica,1136892.0,8572,22
2021,febrero,Otros,9336.0,406,2
2021,febrero,Pesquera,1728475.0,519,3
2021,febrero,Plastica,11424490.0,729,7
2021,febrero,Textil,1692532.0,650,8
2021,marzo,Confeccionista,318205.0,306,5
2021,marzo,Electronica,1559395.0,8653,23
2021,marzo,Otros,11196.0,395,2
2021,marzo,Pesquera,1198420.0,534,3
2021,marzo,Plastica,11490445.0,730,7
2021,marzo,Textil,2495555.0,647,8
2021,abril,Confeccionista,345101.0,307,5
2021,abril,Electronica,1402020.0,8674,23
2021,abril,Otros,7920.0,394,2
2021,abril,Pesquera,2255977.0,500,3
2021,abril,Plastica,10271221.0,706,7
2021,abril,Textil,1993665.0,653,8
2021,mayo,Confeccionista,264911.0,282,5
2021,mayo,Electronica,1075187.0,8485,23
2021,mayo,Otros,10788.0,395,2
2021,mayo,Pesquera,1544604.0,492,3
2021,mayo,Plastica,11883922.0,698,7
2021,mayo,Textil,1271155.0,631,8
2021,junio,Confeccionista,331024.0,274,5
2021,junio,Electronica,1364564.0,8414,23
2021,junio,Otros,11310.0,391,1
2021,junio,Pesquera,446124.0,493,3
2021,junio,Plastica,11546457.0,681,7
2021,junio,Textil,1315753.0,633,8
2021,julio,Confeccionista,347256.0,289,5
2021,julio,Electronica,1421617.0,7960,24
2021,julio,Otros,10581.0,395,2
2021,julio,Pesquera,255910.0,484,3
2021,julio,Plastica,12409590.0,678,7
2021,julio,Textil,1254530.0,609,8
2021,agosto,Confeccionista,315447.0,283,5
2021,agosto,Electronica,1311542.0,8110,24
2021,agosto,Otros,10236.0,397,1
2021,agosto,Pesquera,261748.0,486,3
2021,agosto,Plastica,11640608.0,686,7
2021,agosto,Textil,1396293.0,599,8
2021,septiembre,Confeccionista,330988.0,267,5
2021,septiembre,Electronica,1324373.0,8441,24
2021,septiembre,Otros,10848.0,411,2
2021,septiembre,Pesquera,708315.0,474,3
2021,septiembre,Plastica,12870098.0,699,7
2021,septiembre,Textil,1517379.0,602,8
2021,octubre,Confeccionista,306485.0,285,5
2021,octubre,Electronica,1103196.0,8235,24
2021,octubre,Otros,9648.0,408,1
2021,octubre,Pesquera,1454763.0,472,3
2021,octubre,Plastica,13532156.0,691,7
2021,octubre,Textil,1565720.0,611,8
2021,noviembre,Confeccionista,345938.0,281,5
2021,noviembre,Electronica,1287282.0,8750,24
2021,noviembre,Otros,14208.0,436,1
2021,noviembre,Pesquera,1807531.0,477,3
2021,noviembre,Plastica,12636298.0,711,7
2021,noviembre,Textil,1590248.0,609,8
2021,diciembre,Confeccionista,112863.0,270,4
2021,diciembre,Electronica,1256766.0,8422,24
2021,diciembre,Otros,8613.0,315,1
2021,diciembre,Pesquera,1470966.0,369,2
2021,diciembre,Plastica,9802400.0,715,7
2021,diciembre,Textil,1226051.0,614,8
2022,enero,Confeccionista,288223.0,290,5
2022,enero,Electronica,774909.0,8023,22
2022,enero,Otros,4656.0,391,1
2022,enero,Pesquera,2085364.0,491,3
2022,enero,Plastica,9629670.0,767,7
2022,enero,Textil,1076128.0,614,8
2022,febrero,Confeccionista,331147.0,294,4
2022,febrero,Electronica,1082286.0,7605,22
2022,febrero,Otros,10212.0,395,1
2022,febrero,Pesquera,865154.0,488,3
2022,febrero,Plastica,11093023.0,759,7
2022,febrero,Textil,1524745.0,624,8
2022,marzo,Confeccionista,382647.0,296,5
2022,marzo,Electronica,1290560.0,7905,22
2022,marzo,Otros,11364.0,394,1
2022,marzo,Pesquera,1778520.0,485,3
2022,marzo,Plastica,12671241.0,748,7
2022,marzo,Textil,2152929.0,624,8
2022,abril,Confeccionista,399137.0,297,5
2022,abril,Electronica,1079659.0,8880,22
2022,abril,Otros,9924.0,409,1
2022,abril,Pesquera,1234831.0,491,3
2022,abril,Plastica,12157482.0,720,7
2022,abril,Textil,2263563.0,627,8
2022,mayo,Confeccionista,353736.0,306,5
2022,mayo,Electronica,1477155.0,9578,22
2022,mayo,Otros,11136.0,465,1
2022,mayo,Pesquera,1547812.0,486,3
2022,mayo,Plastica,13654906.0,722,7
2022,mayo,Textil,2348273.0,646,8
2022,junio,Confeccionista,376551.0,292,5
2022,junio,Electronica,2038129.0,10211,22
2022,junio,Otros,13105.0,462,1
2022,junio,Pesquera,765805.0,485,3
2022,junio,Plastica,13912217.0,727,7
2022,junio,Textil,2356549.0,649,8
2022,julio,Confeccionista,399922.0,297,5
2022,julio,Electronica,1740748.0,9823,22
2022,julio,Otros,13860.0,449,1
2022,julio,Pesquera,930505.0,473,3
2022,julio,Plastica,12901168.0,720,7
2022,julio,Textil,2549434.0,656,8
2022,agosto,Confeccionista,471066.0,294,5
2022,agosto,Electronica,1070900.0,8632,22
2022,agosto,Otros,9284.0,431,1
2022,agosto,Pesquera,329514.0,469,3
2022,agosto,Plastica,12926202.0,711,7
2022,agosto,Textil,2308382.0,657,8
2022,septiembre,Confeccionista,401088.0,277,5
2022,septiembre,Electronica,1177570.0,9171,22
2022,septiembre,Otros,12122.0,456,1
2022,septiembre,Pesquera,190618.0,296,3
2022,septiembre,Plastica,11661038.0,700,7
2022,septiembre,Textil,2042109.0,648,8
2022,octubre,Confeccionista,219067.0,266,5
2022,octubre,Electronica,1405222.0,9721,22
2022,octubre,Otros,11448.0,477,1
2022,octubre,Pesquera,192234.0,295,3
2022,octubre,Plastica,10873434.0,705,7
2022,octubre,Textil,1845890.0,642,8
2022,noviembre,Confeccionista,284469.0,273,5
2022,noviembre,Electronica,1566696.0,9656,20
2022,noviembre,Otros,10797.0,519,1
2022,noviembre,Pesquera,278634.0,294,3
2022,noviembre,Plastica,10558978.0,707,7
2022,noviembre,Textil,2005968.0,639,8
2022,diciembre,Confeccionista,174207.0,270,5
2022,diciembre,Electronica,1219116.0,8146,20
2022,diciembre,Otros,9935.0,333,1
2022,diciembre,Pesquera,329514.0,204,3
2022,diciembre,Plastica,9189222.0,705,7
2022,diciembre,Textil,964152.0,640,8
2023,enero,Confeccionista,223046.0,297,5
2023,enero,Electronica,700134.0,8188,20
2023,enero,Otros,6924.0,470,1
2023,enero,Pesquera,455631.0,193,3
2023,enero,Plastica,12430469.0,717,7
2023,enero,Textil,1385219.0,676,8
2023,febrero,Confeccionista,324594.0,292,4
2023,febrero,Electronica,1191030.0,8312,20
2023,febrero,Otros,9228.0,553,1
2023,febrero,Pesquera,820804.0,193,3
2023,febrero,Plastica,13000475.0,728,7
2023,febrero,Textil,1755969.0,669,8
2023,marzo,Confeccionista,416292.0,301,4
2023,marzo,Electronica,1725946.0,8582,20
2023,marzo,Otros,13308.0,500,1
2023,marzo,Pesquera,111496.0,193,3
2023,marzo,Plastica,14659155.0,722,7
2023,marzo,Textil,1882010.0,637,7
2023,abril,Confeccionista,381151.0,296,4
2023,abril,Electronica,1333622.0,8515,20
2023,abril,Otros,9612.0,547,1
2023,abril,Pesquera,772639.0,194,3
2023,abril,Plastica,13767330.0,716,7
2023,abril,Textil,1182921.0,609,8
2023,mayo,Confeccionista,461187.0,300,4
2023,mayo,Electronica,1457884.0,8936,20
2023,mayo,Otros,8832.0,547,1
2023,mayo,Pesquera,629728.0,204,3
2023,mayo,Plastica,12906765.0,699,7
2023,mayo,Textil,1393146.0,613,8
2023,junio,Confeccionista,382372.0,299,4
2023,junio,Electronica,1411883.0,9235,20
2023,junio,Otros,10508.0,555,1
2023,junio,Pesquera,503241.0,204,3
2023,junio,Plastica,12967063.0,698,7
2023,junio,Textil,1353884.0,596,8
2023,julio,Confeccionista,407583.0,302,4
2023,julio,Electronica,1061571.0,9227,20
2023,julio,Otros,7668.0,506,1
2023,julio,Pesquera,426511.0,203,3
2023,julio,Plastica,13578746.0,716,7
2023,julio,Textil,1242206.0,592,8
2023,agosto,Confeccionista,470383.0,300,4
2023,agosto,Electronica,1531782.0,9407,18
2023,agosto,Otros,16260.0,579,1
2023,agosto,Pesquera,772639.0,201,3
2023,agosto,Plastica,15129559.0,710,7
2023,agosto,Textil,1255704.0,592,8
2023,septiembre,Confeccionista,420900.0,299,4
2023,septiembre,Electronica,1466217.0,9435,18
2023,septiembre,Otros,12276.0,571,1
2023,septiembre,Pesquera,13803.0,201,3
2023,septiembre,Plastica,14416724.0,718,7
2023,septiembre,Textil,1237881.0,585,8
2023,octubre,Confeccionista,189330.0,284,4
2023,octubre,Electronica,1374657.0,9472,19
2023,octubre,Otros,10944.0,551,1
2023,octubre,Pesquera,390136.0,203,2
2023,octubre,Plastica,15482008.0,720,7
2023,octubre,Textil,1000576.0,583,8
2023,noviembre,Confeccionista,397053.0,196,3
2023,noviembre,Electronica,1125193.0,8376,16
2023,noviembre,Otros,12492.0,525,1
2023,noviembre,Pesquera,335344.0,203,2
2023,noviembre,Plastica,14690044.0,681,6
2023,noviembre,Textil,824549.0,376,3
2023,diciembre,Confeccionista,189649.0,269,4
2023,diciembre,Electronica,429113.0,6740,16
2023,diciembre,Otros,6564.0,443,1
2023,diciembre,Pesquera,179065.0,203,2
2023,diciembre,Plastica,11231540.0,728,7
2023,diciembre,Textil,1033456.0,583,8
2024,enero,Confeccionista,259846.0,259,4
2024,enero,Electronica,221477.0,5268,16
2024,enero,Otros,3384.0,454,1
2024,enero,Pesquera,368277.0,203,2
2024,enero,Plastica,10952409.0,761,7
2024,enero,Textil,974546.0,554,7
2024,febrero,Confeccionista,282076.0,261,4
2024,febrero,Electronica,433096.0,5152,16
2024,febrero,Otros,6348.0,450,1
2024,febrero,Pesquera,858039.0,201,2
2024,febrero,Plastica,2088824.0,740,7
2024,febrero,Textil,751429.0,539,7
2024,marzo,Confeccionista,272649.0,265,4
2024,marzo,Electronica,636645.0,5305,16
2024,marzo,Otros,8605.0,427,1
2024,marzo,Pesquera,782770.0,201,2
2024,marzo,Plastica,12710487.0,728,7
2024,marzo,Textil,1012831.0,524,6
2024,abril,Confeccionista,211216.0,258,4
2024,abril,Electronica,612458.0,5205,17
2024,abril,Otros,9900.0,422,1
2024,abril,Pesquera,184588.0,198,2
2024,abril,Plastica,11942036.0,683,7
2024,abril,Textil,757344.0,498,7
2024,mayo,Confeccionista,364790.0,256,4
2024,mayo,Electronica,588716.0,5338,16
2024,mayo,Otros,7140.0,433,1
2024,mayo,Pesquera,379493.0,194,2
2024,mayo,Plastica,11606908.0,642,7
2024,mayo,Textil,737524.0,493,6
2024,junio,Confeccionista,214032.0,247,4
2024,junio,Electronica,601136.0,5840,16
2024,junio,Otros,8291.0,433,1
2024,junio,Pesquera,434017.0,192,2
2024,junio,Plastica,10299237.0,640,7
2024,junio,Textil,587097.0,461,6
2024,julio,Confeccionista,256050.0,247,4
2024,julio,Electronica,952209.0,6305,17
2024,julio,Otros,10536.0,395,1
2024,julio,Pesquera,858039.0,192,2
2024,julio,Plastica,10934814.0,617,7
2024,julio,Textil,1124297.0,440,6
2024,agosto,Confeccionista,261809.0,245,4
2024,agosto,Electronica,1009405.0,6504,18
2024,agosto,Otros,11832.0,412,1
2024,agosto,Pesquera,252885.0,192,2
2024,agosto,Plastica,11934099.0,626,7
2024,agosto,Textil,1141676.0,418,6
2024,septiembre,Confeccionista,110018.0,142,4
2024,septiembre,Electronica,1107179.0,6591,19
2024,septiembre,Otros,10740.0,413,1
2024,septiembre,Pesquera,441286.0,192,2
2024,septiembre,Plastica,13697033.0,646,7
2024,septiembre,Textil,158735.0,93,6
2024,octubre,Confeccionista,77944.0,128,4
2024,octubre,Electronica,1003368.0,7925,19
2024,octubre,Otros,12672.0,406,1
2024,octubre,Pesquera,441286.0,192,2
2024,octubre,Plastica,13789207.0,658,7
2024,octubre,Textil,298983.0,83,6
2024,noviembre,Confeccionista,271658.0,237,4
2024,noviembre,Electronica,1260593.0,8257,19
2024,noviembre,Otros,11712.0,403,1
2024,noviembre,Pesquera,836447.0,198,2
2024,noviembre,Plastica,11924179.0,662,7
2024,noviembre,Textil,842679.0,256,6
2024,diciembre,Confeccionista,181567.0,223,4
2024,diciembre,Electronica,1099022.0,7804,19
2024,diciembre,Otros,5400.0,402,1
2024,diciembre,Pesquera,291230.0,198,2
2024,diciembre,Plastica,9188063.0,667,7
2024,diciembre,Textil,689464.0,351,6
2025,enero,Confeccionista,252577.0,231,4
2025,enero,Electronica,773676.0,7604,19
2025,enero,Otros,6600.0,450,1
2025,enero,Pesquera,253115.0,210,2
2025,enero,Plastica,8405515.0,652,7
2025,enero,Textil,1133811.0,342,6
2025,febrero,Confeccionista,227247.0,234,4
2025,febrero,Electronica,935562.0,6891,19
2025,febrero,Otros,9672.0,457,1
2025,febrero,Pesquera,253115.0,208,2
2025,febrero,Plastica,9946155.0,663,7
2025,febrero,Textil,1150230.0,335,6
2025,marzo,Confeccionista,216133.0,238,4
2025,marzo,Electronica,887363.0,6731,19
2025,marzo,Otros,8844.0,435,1
2025,marzo,Pesquera,513161.0,219,2
2025,marzo,Plastica,,652,7
2025,marzo,Textil,863566.0,326,6
