anio,mes,sector,empleados
2001,enero,Confeccionista,326
2001,febrero,Confeccionista,323
2001,marzo,Confeccionista,333
2001,abril,Confeccionista,337
2001,mayo,Confeccionista,346
2001,junio,Confeccionista,352
2001,julio,Confeccionista,354
2001,agosto,Confeccionista,351
2001,septiembre,Confeccionista,347
2001,octubre,Confeccionista,339
2001,noviembre,Confeccionista,307
2001,diciembre,Confeccionista,301
2002,enero,Confeccionista,317
2002,febrero,Confeccionista,314
2002,marzo,Confeccionista,313
2002,abril,Confeccionista,309
2002,mayo,Confeccionista,307
2002,junio,Confeccionista,306
2002,julio,Confeccionista,305
2002,agosto,Confeccionista,291
2002,septiembre,Confeccionista,287
2002,octubre,Confeccionista,288
2002,noviembre,Confeccionista,267
2002,diciembre,Confeccionista,267
2003,enero,Confeccionista,296
2003,febrero,Confeccionista,303
2003,marzo,Confeccionista,304
2003,abril,Confeccionista,318
2003,mayo,Confeccionista,338
2003,junio,Confeccionista,345
2003,julio,Confeccionista,361
2003,agosto,Confeccionista,367
2003,septiembre,Confeccionista,377
2003,octubre,Confeccionista,415
2003,noviembre,Confeccionista,402
2003,diciembre,Confeccionista,402
2004,enero,Confeccionista,407
2004,febrero,Confeccionista,419
2004,marzo,Confeccionista,425
2004,abril,Confeccionista,421
2004,mayo,Confeccionista,426
2004,junio,Confeccionista,424
2004,julio,Confeccionista,432
2004,agosto,Confeccionista,434
2004,septiembre,Confeccionista,430
2004,octubre,Confeccionista,432
2004,noviembre,Confeccionista,445
2004,diciembre,Confeccionista,421
2005,enero,Confeccionista,475
2005,febrero,Confeccionista,488
2005,marzo,Confeccionista,506
2005,abril,Confeccionista,508
2005,mayo,Confeccionista,525
2005,junio,Confeccionista,541
2005,julio,Confeccionista,533
2005,agosto,Confeccionista,534
2005,septiembre,Confeccionista,532
2005,octubre,Confeccionista,541
2005,noviembre,Confeccionista,550
2005,diciembre,Confeccionista,546
2006,enero,Confeccionista,552
2006,febrero,Confeccionista,596
2006,marzo,Confeccionista,658
2006,abril,Confeccionista,651
2006,mayo,Confeccionista,654
2006,junio,Confeccionista,660
2006,julio,Confeccionista,662
2006,agosto,Confeccionista,677
2006,septiembre,Confeccionista,672
2006,octubre,Confeccionista,656
2006,noviembre,Confeccionista,673
2006,diciembre,Confeccionista,668
2007,enero,Confeccionista,664
2007,febrero,Confeccionista,689
2007,marzo,Confeccionista,700
2007,abril,Confeccionista,754
2007,mayo,Confeccionista,767
2007,junio,Confeccionista,737
2007,julio,Confeccionista,735
2007,agosto,Confeccionista,731
2007,septiembre,Confeccionista,732
2007,octubre,Confeccionista,740
2007,noviembre,Confeccionista,732
2007,diciembre,Confeccionista,723
2008,enero,Confeccionista,707
2008,febrero,Confeccionista,710
2008,marzo,Confeccionista,718
2008,abril,Confeccionista,727
2008,mayo,Confeccionista,722
2008,junio,Confeccionista,722
2008,julio,Confeccionista,703
2008,agosto,Confeccionista,668
2008,septiembre,Confeccionista,630
2008,octubre,Confeccionista,600
2008,noviembre,Confeccionista,600
2008,diciembre,Confeccionista,595
2009,enero,Confeccionista,597
2009,febrero,Confeccionista,593
2009,marzo,Confeccionista,589
2009,abril,Confeccionista,570
2009,mayo,Confeccionista,564
2009,junio,Confeccionista,564
2009,julio,Confeccionista,563
2009,agosto,Confeccionista,566
2009,septiembre,Confeccionista,556
2009,octubre,Confeccionista,577
2009,noviembre,Confeccionista,577
2009,diciembre,Confeccionista,574
2010,enero,Confeccionista,572
2010,febrero,Confeccionista,574
2010,marzo,Confeccionista,580
2010,abril,Confeccionista,575
2010,mayo,Confeccionista,571
2010,junio,Confeccionista,571
2010,julio,Confeccionista,567
2010,agosto,Confeccionista,566
2010,septiembre,Confeccionista,557
2010,octubre,Confeccionista,560
2010,noviembre,Confeccionista,556
2010,diciembre,Confeccionista,419
2011,enero,Confeccionista,531
2011,febrero,Confeccionista,552
2011,marzo,Confeccionista,544
2011,abril,Confeccionista,547
2011,mayo,Confeccionista,480
2011,junio,Confeccionista,481
2011,julio,Confeccionista,462
2011,agosto,Confeccionista,536
2011,septiembre,Confeccionista,542
2011,octubre,Confeccionista,426
2011,noviembre,Confeccionista,419
2011,diciembre,Confeccionista,413
2012,enero,Confeccionista,401
2012,febrero,Confeccionista,418
2012,marzo,Confeccionista,430
2012,abril,Confeccionista,432
2012,mayo,Confeccionista,430
2012,junio,Confeccionista,430
2012,julio,Confeccionista,424
2012,agosto,Confeccionista,426
2012,septiembre,Confeccionista,422
2012,octubre,Confeccionista,425
2012,noviembre,Confeccionista,428
2012,diciembre,Confeccionista,429
2013,enero,Confeccionista,452
2013,febrero,Confeccionista,465
2013,marzo,Confeccionista,470
2013,abril,Confeccionista,481
2013,mayo,Confeccionista,476
2013,junio,Confeccionista,475
2013,julio,Confeccionista,481
2013,agosto,Confeccionista,477
2013,septiembre,Confeccionista,471
2013,octubre,Confeccionista,459
2013,noviembre,Confeccionista,452
2013,diciembre,Confeccionista,447
2014,enero,Confeccionista,442
2014,febrero,Confeccionista,460
2014,marzo,Confeccionista,467
2014,abril,Confeccionista,312
2014,mayo,Confeccionista,453
2014,junio,Confeccionista,438
2014,julio,Confeccionista,437
2014,agosto,Confeccionista,429
2014,septiembre,Confeccionista,427
2014,octubre,Confeccionista,420
2014,noviembre,Confeccionista,421
2014,diciembre,Confeccionista,382
2015,enero,Confeccionista,397
2015,febrero,Confeccionista,394
2015,marzo,Confeccionista,397
2015,abril,Confeccionista,396
2015,mayo,Confeccionista,394
2015,junio,Confeccionista,380
2015,julio,Confeccionista,369
2015,agosto,Confeccionista,386
2015,septiembre,Confeccionista,390
2015,octubre,Confeccionista,383
2015,noviembre,Confeccionista,389
2015,diciembre,Confeccionista,388
2016,enero,Confeccionista,388
2016,febrero,Confeccionista,395
2016,marzo,Confeccionista,392
2016,abril,Confeccionista,403
2016,mayo,Confeccionista,400
2016,junio,Confeccionista,406
2016,julio,Confeccionista,400
2016,agosto,Confeccionista,401
2016,septiembre,Confeccionista,383
2016,octubre,Confeccionista,374
2016,noviembre,Confeccionista,371
2016,diciembre,Confeccionista,365
2017,enero,Confeccionista,362
2017,febrero,Confeccionista,359
2017,marzo,Confeccionista,357
2017,abril,Confeccionista,357
2017,mayo,Confeccionista,361
2017,junio,Confeccionista,334
2017,julio,Confeccionista,335
2017,agosto,Confeccionista,336
2017,septiembre,Confeccionista,332
2017,octubre,Confeccionista,326
2017,noviembre,Confeccionista,332
2017,diciembre,Confeccionista,311
2018,enero,Confeccionista,328
2018,febrero,Confeccionista,330
2018,marzo,Confeccionista,338
2018,abril,Confeccionista,333
2018,mayo,Confeccionista,331
2018,junio,Confeccionista,329
2018,julio,Confeccionista,324
2018,agosto,Confeccionista,326
2018,septiembre,Confeccionista,320
2018,octubre,Confeccionista,319
2018,noviembre,Confeccionista,312
2018,diciembre,Confeccionista,309
2019,enero,Confeccionista,285
2019,febrero,Confeccionista,245
2019,marzo,Confeccionista,244
2019,abril,Confeccionista,219
2019,mayo,Confeccionista,220
2019,junio,Confeccionista,219
2019,julio,Confeccionista,221
2019,agosto,Confeccionista,216
2019,septiembre,Confeccionista,213
2019,octubre,Confeccionista,205
2019,noviembre,Confeccionista,217
2019,diciembre,Confeccionista,211
2020,enero,Confeccionista,220
2020,febrero,Confeccionista,228
2020,marzo,Confeccionista,231
2020,abril,Confeccionista,210
2020,mayo,Confeccionista,224
2020,junio,Confeccionista,239
2020,julio,Confeccionista,252
2020,agosto,Confeccionista,251
2020,septiembre,Confeccionista,257
2020,octubre,Confeccionista,290
2020,noviembre,Confeccionista,295
2020,diciembre,Confeccionista,262
2021,enero,Confeccionista,274
2021,febrero,Confeccionista,273
2021,marzo,Confeccionista,306
2021,abril,Confeccionista,307
2021,mayo,Confeccionista,282
2021,junio,Confeccionista,274
2021,julio,Confeccionista,289
2021,agosto,Confeccionista,283
2021,septiembre,Confeccionista,267
2021,octubre,Confeccionista,285
2021,noviembre,Confeccionista,281
2021,diciembre,Confeccionista,270
2022,enero,Confeccionista,290
2022,febrero,Confeccionista,294
2022,marzo,Confeccionista,296
2022,abril,Confeccionista,297
2022,mayo,Confeccionista,306
2022,junio,Confeccionista,292
2022,julio,Confeccionista,297
2022,agosto,Confeccionista,294
2022,septiembre,Confeccionista,277
2022,octubre,Confeccionista,266
2022,noviembre,Confeccionista,273
2022,diciembre,Confeccionista,270
2023,enero,Confeccionista,297
2023,febrero,Confeccionista,292
2023,marzo,Confeccionista,301
2023,abril,Confeccionista,296
2023,mayo,Confeccionista,300
2023,junio,Confeccionista,299
2023,julio,Confeccionista,302
2023,agosto,Confeccionista,300
2023,septiembre,Confeccionista,299
2023,octubre,Confeccionista,284
2023,noviembre,Confeccionista,196
2023,diciembre,Confeccionista,269
2024,enero,Confeccionista,259
2024,febrero,Confeccionista,261
2024,marzo,Confeccionista,265
2024,abril,Confeccionista,258
2024,mayo,Confeccionista,256
2024,junio,Confeccionista,247
2024,julio,Confeccionista,247
2024,agosto,Confeccionista,245
2024,septiembre,Confeccionista,142
2024,octubre,Confeccionista,128
2024,noviembre,Confeccionista,237
2024,diciembre,Confeccionista,223
2025,enero,Confeccionista,231
2025,febrero,Confeccionista,234
2025,marzo,Confeccionista,238
2001,enero,Electronica,2652
2001,febrero,Electronica,2624
2001,marzo,Electronica,2629
2001,abril,Electronica,2249
2001,mayo,Electronica,2323
2001,junio,Electronica,2374
2001,julio,Electronica,2327
2001,agosto,Electronica,2637
2001,septiembre,Electronica,2587
2001,octubre,Electronica,2476
2001,noviembre,Electronica,2483
2001,diciembre,Electronica,1911
2002,enero,Electronica,1799
2002,febrero,Electronica,1782
2002,marzo,Electronica,1667
2002,abril,Electronica,1552
2002,mayo,Electronica,1469
2002,junio,Electronica,1396
2002,julio,Electronica,1340
2002,agosto,Electronica,1325
2002,septiembre,Electronica,1303
2002,octubre,Electronica,1276
2002,noviembre,Electronica,1267
2002,diciembre,Electronica,1254
2003,enero,Electronica,1252
2003,febrero,Electronica,1251
2003,marzo,Electronica,1226
2003,abril,Electronica,1248
2003,mayo,Electronica,1214
2003,junio,Electronica,1105
2003,julio,Electronica,1116
2003,agosto,Electronica,1207
2003,septiembre,Electronica,1277
2003,octubre,Electronica,1419
2003,noviembre,Electronica,1402
2003,diciembre,Electronica,1271
2004,enero,Electronica,1349
2004,febrero,Electronica,1359
2004,marzo,Electronica,1504
2004,abril,Electronica,1559
2004,mayo,Electronica,1688
2004,junio,Electronica,1756
2004,julio,Electronica,1706
2004,agosto,Electronica,2110
2004,septiembre,Electronica,2573
2004,octubre,Electronica,2704
2004,noviembre,Electronica,2590
2004,diciembre,Electronica,1964
2005,enero,Electronica,1766
2005,febrero,Electronica,1775
2005,marzo,Electronica,1934
2005,abril,Electronica,1985
2005,mayo,Electronica,2229
2005,junio,Electronica,2530
2005,julio,Electronica,2638
2005,agosto,Electronica,3044
2005,septiembre,Electronica,3373
2005,octubre,Electronica,3405
2005,noviembre,Electronica,3818
2005,diciembre,Electronica,3549
2006,enero,Electronica,3052
2006,febrero,Electronica,3312
2006,marzo,Electronica,3482
2006,abril,Electronica,3711
2006,mayo,Electronica,3688
2006,junio,Electronica,3892
2006,julio,Electronica,3878
2006,agosto,Electronica,4164
2006,septiembre,Electronica,4359
2006,octubre,Electronica,4510
2006,noviembre,Electronica,4451
2006,diciembre,Electronica,3317
2007,enero,Electronica,2814
2007,febrero,Electronica,2865
2007,marzo,Electronica,3345
2007,abril,Electronica,3457
2007,mayo,Electronica,3818
2007,junio,Electronica,4323
2007,julio,Electronica,4811
2007,agosto,Electronica,4987
2007,septiembre,Electronica,5138
2007,octubre,Electronica,5149
2007,noviembre,Electronica,5252
2007,diciembre,Electronica,4164
2008,enero,Electronica,3549
2008,febrero,Electronica,3732
2008,marzo,Electronica,3813
2008,abril,Electronica,3909
2008,mayo,Electronica,4243
2008,junio,Electronica,4707
2008,julio,Electronica,5000
2008,agosto,Electronica,5055
2008,septiembre,Electronica,5175
2008,octubre,Electronica,5181
2008,noviembre,Electronica,5063
2008,diciembre,Electronica,3962
2009,enero,Electronica,3493
2009,febrero,Electronica,2999
2009,marzo,Electronica,2916
2009,abril,Electronica,2905
2009,mayo,Electronica,2979
2009,junio,Electronica,2912
2009,julio,Electronica,3028
2009,agosto,Electronica,3411
2009,septiembre,Electronica,3917
2009,octubre,Electronica,4367
2009,noviembre,Electronica,4657
2009,diciembre,Electronica,4293
2010,enero,Electronica,4376
2010,febrero,Electronica,4590
2010,marzo,Electronica,4681
2010,abril,Electronica,4853
2010,mayo,Electronica,5232
2010,junio,Electronica,5525
2010,julio,Electronica,5658
2010,agosto,Electronica,6491
2010,septiembre,Electronica,7359
2010,octubre,Electronica,7673
2010,noviembre,Electronica,7362
2010,diciembre,Electronica,7402
2011,enero,Electronica,6080
2011,febrero,Electronica,6490
2011,marzo,Electronica,6543
2011,abril,Electronica,7065
2011,mayo,Electronica,7859
2011,junio,Electronica,8820
2011,julio,Electronica,9523
2011,agosto,Electronica,9853
2011,septiembre,Electronica,10434
2011,octubre,Electronica,10835
2011,noviembre,Electronica,10825
2011,diciembre,Electronica,10215
2012,enero,Electronica,8201
2012,febrero,Electronica,8590
2012,marzo,Electronica,9032
2012,abril,Electronica,9779
2012,mayo,Electronica,10080
2012,junio,Electronica,10688
2012,julio,Electronica,11101
2012,agosto,Electronica,11681
2012,septiembre,Electronica,12155
2012,octubre,Electronica,12271
2012,noviembre,Electronica,12632
2012,diciembre,Electronica,11207
2013,enero,Electronica,11001
2013,febrero,Electronica,11381
2013,marzo,Electronica,11753
2013,abril,Electronica,12124
2013,mayo,Electronica,12227
2013,junio,Electronica,12393
2013,julio,Electronica,13120
2013,agosto,Electronica,13450
2013,septiembre,Electronica,13727
2013,octubre,Electronica,13775
2013,noviembre,Electronica,13618
2013,diciembre,Electronica,11363
2014,enero,Electronica,10116
2014,febrero,Electronica,9856
2014,marzo,Electronica,10277
2014,abril,Electronica,9821
2014,mayo,Electronica,9884
2014,junio,Electronica,10330
2014,julio,Electronica,10683
2014,agosto,Electronica,11512
2014,septiembre,Electronica,11845
2014,octubre,Electronica,11471
2014,noviembre,Electronica,11560
2014,diciembre,Electronica,8442
2015,enero,Electronica,8101
2015,febrero,Electronica,8751
2015,marzo,Electronica,8784
2015,abril,Electronica,9359
2015,mayo,Electronica,9944
2015,junio,Electronica,10554
2015,julio,Electronica,11227
2015,agosto,Electronica,11944
2015,septiembre,Electronica,12980
2015,octubre,Electronica,13706
2015,noviembre,Electronica,13820
2015,diciembre,Electronica,13408
2016,enero,Electronica,10034
2016,febrero,Electronica,10202
2016,marzo,Electronica,10152
2016,abril,Electronica,9713
2016,mayo,Electronica,9335
2016,junio,Electronica,9429
2016,julio,Electronica,9505
2016,agosto,Electronica,10055
2016,septiembre,Electronica,10160
2016,octubre,Electronica,9839
2016,noviembre,Electronica,9232
2016,diciembre,Electronica,7214
2017,enero,Electronica,7170
2017,febrero,Electronica,7227
2017,marzo,Electronica,7273
2017,abril,Electronica,7274
2017,mayo,Electronica,7520
2017,junio,Electronica,7831
2017,julio,Electronica,8358
2017,agosto,Electronica,8772
2017,septiembre,Electronica,8912
2017,octubre,Electronica,9174
2017,noviembre,Electronica,9343
2017,diciembre,Electronica,8085
2018,enero,Electronica,8209
2018,febrero,Electronica,8679
2018,marzo,Electronica,8955
2018,abril,Electronica,8460
2018,mayo,Electronica,8664
2018,junio,Electronica,7726
2018,julio,Electronica,7669
2018,agosto,Electronica,7624
2018,septiembre,Electronica,7306
2018,octubre,Electronica,7147
2018,noviembre,Electronica,6912
2018,diciembre,Electronica,6237
2019,enero,Electronica,6202
2019,febrero,Electronica,6026
2019,marzo,Electronica,5876
2019,abril,Electronica,5908
2019,mayo,Electronica,5944
2019,junio,Electronica,6025
2019,julio,Electronica,6124
2019,agosto,Electronica,6085
2019,septiembre,Electronica,5868
2019,octubre,Electronica,5829
2019,noviembre,Electronica,5902
2019,diciembre,Electronica,5894
2020,enero,Electronica,5676
2020,febrero,Electronica,5660
2020,marzo,Electronica,5732
2020,abril,Electronica,5223
2020,mayo,Electronica,6150
2020,junio,Electronica,7091
2020,julio,Electronica,7570
2020,agosto,Electronica,7414
2020,septiembre,Electronica,8636
2020,octubre,Electronica,9839
2020,noviembre,Electronica,10347
2020,diciembre,Electronica,8457
2021,enero,Electronica,8981
2021,febrero,Electronica,8572
2021,marzo,Electronica,8653
2021,abril,Electronica,8674
2021,mayo,Electronica,8485
2021,junio,Electronica,8414
2021,julio,Electronica,7960
2021,agosto,Electronica,8110
2021,septiembre,Electronica,8441
2021,octubre,Electronica,8235
2021,noviembre,Electronica,8750
2021,diciembre,Electronica,8422
2022,enero,Electronica,8023
2022,febrero,Electronica,7605
2022,marzo,Electronica,7905
2022,abril,Electronica,8880
2022,mayo,Electronica,9578
2022,junio,Electronica,10211
2022,julio,Electronica,9823
2022,agosto,Electronica,8632
2022,septiembre,Electronica,9171
2022,octubre,Electronica,9721
2022,noviembre,Electronica,9656
2022,diciembre,Electronica,8146
2023,enero,Electronica,8188
2023,febrero,Electronica,8312
2023,marzo,Electronica,8582
2023,abril,Electronica,8515
2023,mayo,Electronica,8936
2023,junio,Electronica,9235
2023,julio,Electronica,9227
2023,agosto,Electronica,9407
2023,septiembre,Electronica,9435
2023,octubre,Electronica,9472
2023,noviembre,Electronica,8376
2023,diciembre,Electronica,6740
2024,enero,Electronica,5268
2024,febrero,Electronica,5152
2024,marzo,Electronica,5305
2024,abril,Electronica,5205
2024,mayo,Electronica,5338
2024,junio,Electronica,5840
2024,julio,Electronica,6305
2024,agosto,Electronica,6504
2024,septiembre,Electronica,6591
2024,octubre,Electronica,7925
2024,noviembre,Electronica,8257
2024,diciembre,Electronica,7804
2025,enero,Electronica,7604
2025,febrero,Electronica,6891
2025,marzo,Electronica,6731
2001,enero,Plastica,284
2001,febrero,Plastica,282
2001,marzo,Plastica,284
2001,abril,Plastica,289
2001,mayo,Plastica,289
2001,junio,Plastica,295
2001,julio,Plastica,296
2001,agosto,Plastica,294
2001,septiembre,Plastica,300
2001,octubre,Plastica,305
2001,noviembre,Plastica,297
2001,diciembre,Plastica,250
2002,enero,Plastica,282
2002,febrero,Plastica,284
2002,marzo,Plastica,277
2002,abril,Plastica,275
2002,mayo,Plastica,270
2002,junio,Plastica,270
2002,julio,Plastica,270
2002,agosto,Plastica,274
2002,septiembre,Plastica,288
2002,octubre,Plastica,293
2002,noviembre,Plastica,305
2002,diciembre,Plastica,296
2003,enero,Plastica,306
2003,febrero,Plastica,307
2003,marzo,Plastica,309
2003,abril,Plastica,314
2003,mayo,Plastica,316
2003,junio,Plastica,319
2003,julio,Plastica,331
2003,agosto,Plastica,347
2003,septiembre,Plastica,383
2003,octubre,Plastica,396
2003,noviembre,Plastica,398
2003,diciembre,Plastica,415
2004,enero,Plastica,429
2004,febrero,Plastica,463
2004,marzo,Plastica,484
2004,abril,Plastica,491
2004,mayo,Plastica,463
2004,junio,Plastica,435
2004,julio,Plastica,425
2004,agosto,Plastica,435
2004,septiembre,Plastica,449
2004,octubre,Plastica,467
2004,noviembre,Plastica,501
2004,diciembre,Plastica,515
2005,enero,Plastica,533
2005,febrero,Plastica,537
2005,marzo,Plastica,570
2005,abril,Plastica,575
2005,mayo,Plastica,553
2005,junio,Plastica,487
2005,julio,Plastica,555
2005,agosto,Plastica,565
2005,septiembre,Plastica,549
2005,octubre,Plastica,570
2005,noviembre,Plastica,615
2005,diciembre,Plastica,606
2006,enero,Plastica,696
2006,febrero,Plastica,701
2006,marzo,Plastica,650
2006,abril,Plastica,639
2006,mayo,Plastica,661
2006,junio,Plastica,627
2006,julio,Plastica,638
2006,agosto,Plastica,661
2006,septiembre,Plastica,667
2006,octubre,Plastica,678
2006,noviembre,Plastica,706
2006,diciembre,Plastica,647
2007,enero,Plastica,608
2007,febrero,Plastica,612
2007,marzo,Plastica,649
2007,abril,Plastica,664
2007,mayo,Plastica,651
2007,junio,Plastica,655
2007,julio,Plastica,663
2007,agosto,Plastica,713
2007,septiembre,Plastica,734
2007,octubre,Plastica,720
2007,noviembre,Plastica,719
2007,diciembre,Plastica,708
2008,enero,Plastica,722
2008,febrero,Plastica,803
2008,marzo,Plastica,711
2008,abril,Plastica,712
2008,mayo,Plastica,702
2008,junio,Plastica,699
2008,julio,Plastica,691
2008,agosto,Plastica,663
2008,septiembre,Plastica,654
2008,octubre,Plastica,644
2008,noviembre,Plastica,648
2008,diciembre,Plastica,644
2009,enero,Plastica,704
2009,febrero,Plastica,710
2009,marzo,Plastica,700
2009,abril,Plastica,672
2009,mayo,Plastica,635
2009,junio,Plastica,632
2009,julio,Plastica,622
2009,agosto,Plastica,616
2009,septiembre,Plastica,648
2009,octubre,Plastica,653
2009,noviembre,Plastica,652
2009,diciembre,Plastica,683
2010,enero,Plastica,753
2010,febrero,Plastica,724
2010,marzo,Plastica,734
2010,abril,Plastica,740
2010,mayo,Plastica,730
2010,junio,Plastica,701
2010,julio,Plastica,693
2010,agosto,Plastica,772
2010,septiembre,Plastica,769
2010,octubre,Plastica,773
2010,noviembre,Plastica,792
2010,diciembre,Plastica,692
2011,enero,Plastica,795
2011,febrero,Plastica,791
2011,marzo,Plastica,781
2011,abril,Plastica,777
2011,mayo,Plastica,763
2011,junio,Plastica,666
2011,julio,Plastica,723
2011,agosto,Plastica,743
2011,septiembre,Plastica,758
2011,octubre,Plastica,775
2011,noviembre,Plastica,807
2011,diciembre,Plastica,814
2012,enero,Plastica,828
2012,febrero,Plastica,833
2012,marzo,Plastica,834
2012,abril,Plastica,730
2012,mayo,Plastica,766
2012,junio,Plastica,764
2012,julio,Plastica,729
2012,agosto,Plastica,718
2012,septiembre,Plastica,736
2012,octubre,Plastica,750
2012,noviembre,Plastica,729
2012,diciembre,Plastica,746
2013,enero,Plastica,795
2013,febrero,Plastica,812
2013,marzo,Plastica,741
2013,abril,Plastica,742
2013,mayo,Plastica,767
2013,junio,Plastica,740
2013,julio,Plastica,721
2013,agosto,Plastica,723
2013,septiembre,Plastica,723
2013,octubre,Plastica,723
2013,noviembre,Plastica,722
2013,diciembre,Plastica,726
2014,enero,Plastica,731
2014,febrero,Plastica,727
2014,marzo,Plastica,717
2014,abril,Plastica,717
2014,mayo,Plastica,718
2014,junio,Plastica,721
2014,julio,Plastica,732
2014,agosto,Plastica,707
2014,septiembre,Plastica,709
2014,octubre,Plastica,723
2014,noviembre,Plastica,734
2014,diciembre,Plastica,755
2015,enero,Plastica,750
2015,febrero,Plastica,761
2015,marzo,Plastica,753
2015,abril,Plastica,751
2015,mayo,Plastica,787
2015,junio,Plastica,785
2015,julio,Plastica,801
2015,agosto,Plastica,810
2015,septiembre,Plastica,806
2015,octubre,Plastica,813
2015,noviembre,Plastica,780
2015,diciembre,Plastica,780
2016,enero,Plastica,817
2016,febrero,Plastica,838
2016,marzo,Plastica,812
2016,abril,Plastica,796
2016,mayo,Plastica,772
2016,junio,Plastica,765
2016,julio,Plastica,763
2016,agosto,Plastica,762
2016,septiembre,Plastica,763
2016,octubre,Plastica,765
2016,noviembre,Plastica,769
2016,diciembre,Plastica,797
2017,enero,Plastica,834
2017,febrero,Plastica,830
2017,marzo,Plastica,809
2017,abril,Plastica,781
2017,mayo,Plastica,759
2017,junio,Plastica,749
2017,julio,Plastica,734
2017,agosto,Plastica,738
2017,septiembre,Plastica,736
2017,octubre,Plastica,737
2017,noviembre,Plastica,741
2017,diciembre,Plastica,743
2018,enero,Plastica,771
2018,febrero,Plastica,767
2018,marzo,Plastica,759
2018,abril,Plastica,745
2018,mayo,Plastica,743
2018,junio,Plastica,740
2018,julio,Plastica,746
2018,agosto,Plastica,746
2018,septiembre,Plastica,738
2018,octubre,Plastica,737
2018,noviembre,Plastica,734
2018,diciembre,Plastica,738
2019,enero,Plastica,759
2019,febrero,Plastica,702
2019,marzo,Plastica,700
2019,abril,Plastica,679
2019,mayo,Plastica,667
2019,junio,Plastica,663
2019,julio,Plastica,664
2019,agosto,Plastica,664
2019,septiembre,Plastica,661
2019,octubre,Plastica,664
2019,noviembre,Plastica,670
2019,diciembre,Plastica,665
2020,enero,Plastica,685
2020,febrero,Plastica,698
2020,marzo,Plastica,692
2020,abril,Plastica,712
2020,mayo,Plastica,670
2020,junio,Plastica,683
2020,julio,Plastica,679
2020,agosto,Plastica,672
2020,septiembre,Plastica,673
2020,octubre,Plastica,696
2020,noviembre,Plastica,698
2020,diciembre,Plastica,700
2021,enero,Plastica,728
2021,febrero,Plastica,729
2021,marzo,Plastica,730
2021,abril,Plastica,706
2021,mayo,Plastica,698
2021,junio,Plastica,681
2021,julio,Plastica,678
2021,agosto,Plastica,686
2021,septiembre,Plastica,699
2021,octubre,Plastica,691
2021,noviembre,Plastica,711
2021,diciembre,Plastica,715
2022,enero,Plastica,767
2022,febrero,Plastica,759
2022,marzo,Plastica,748
2022,abril,Plastica,720
2022,mayo,Plastica,722
2022,junio,Plastica,727
2022,julio,Plastica,720
2022,agosto,Plastica,711
2022,septiembre,Plastica,700
2022,octubre,Plastica,705
2022,noviembre,Plastica,707
2022,diciembre,Plastica,705
2023,enero,Plastica,717
2023,febrero,Plastica,728
2023,marzo,Plastica,722
2023,abril,Plastica,716
2023,mayo,Plastica,699
2023,junio,Plastica,698
2023,julio,Plastica,716
2023,agosto,Plastica,710
2023,septiembre,Plastica,718
2023,octubre,Plastica,720
2023,noviembre,Plastica,681
2023,diciembre,Plastica,728
2024,enero,Plastica,761
2024,febrero,Plastica,740
2024,marzo,Plastica,728
2024,abril,Plastica,683
2024,mayo,Plastica,642
2024,junio,Plastica,640
2024,julio,Plastica,617
2024,agosto,Plastica,626
2024,septiembre,Plastica,646
2024,octubre,Plastica,658
2024,noviembre,Plastica,662
2024,diciembre,Plastica,667
2025,enero,Plastica,652
2025,febrero,Plastica,663
2025,marzo,Plastica,652
2001,enero,Textil,274
2001,febrero,Textil,283
2001,marzo,Textil,286
2001,abril,Textil,283
2001,mayo,Textil,306
2001,junio,Textil,329
2001,julio,Textil,329
2001,agosto,Textil,345
2001,septiembre,Textil,338
2001,octubre,Textil,321
2001,noviembre,Textil,301
2001,diciembre,Textil,261
2002,enero,Textil,256
2002,febrero,Textil,257
2002,marzo,Textil,261
2002,abril,Textil,252
2002,mayo,Textil,252
2002,junio,Textil,231
2002,julio,Textil,240
2002,agosto,Textil,242
2002,septiembre,Textil,260
2002,octubre,Textil,272
2002,noviembre,Textil,289
2002,diciembre,Textil,297
2003,enero,Textil,298
2003,febrero,Textil,285
2003,marzo,Textil,320
2003,abril,Textil,325
2003,mayo,Textil,334
2003,junio,Textil,336
2003,julio,Textil,345
2003,agosto,Textil,376
2003,septiembre,Textil,382
2003,octubre,Textil,394
2003,noviembre,Textil,390
2003,diciembre,Textil,388
2004,enero,Textil,410
2004,febrero,Textil,424
2004,marzo,Textil,415
2004,abril,Textil,411
2004,mayo,Textil,427
2004,junio,Textil,434
2004,julio,Textil,441
2004,agosto,Textil,450
2004,septiembre,Textil,443
2004,octubre,Textil,464
2004,noviembre,Textil,466
2004,diciembre,Textil,448
2005,enero,Textil,472
2005,febrero,Textil,485
2005,marzo,Textil,500
2005,abril,Textil,509
2005,mayo,Textil,515
2005,junio,Textil,525
2005,julio,Textil,536
2005,agosto,Textil,530
2005,septiembre,Textil,545
2005,octubre,Textil,557
2005,noviembre,Textil,576
2005,diciembre,Textil,587
2006,enero,Textil,585
2006,febrero,Textil,579
2006,marzo,Textil,574
2006,abril,Textil,557
2006,mayo,Textil,558
2006,junio,Textil,561
2006,julio,Textil,567
2006,agosto,Textil,567
2006,septiembre,Textil,576
2006,octubre,Textil,596
2006,noviembre,Textil,600
2006,diciembre,Textil,619
2007,enero,Textil,613
2007,febrero,Textil,616
2007,marzo,Textil,609
2007,abril,Textil,616
2007,mayo,Textil,617
2007,junio,Textil,613
2007,julio,Textil,607
2007,agosto,Textil,615
2007,septiembre,Textil,621
2007,octubre,Textil,627
2007,noviembre,Textil,635
2007,diciembre,Textil,623
2008,enero,Textil,639
2008,febrero,Textil,639
2008,marzo,Textil,628
2008,abril,Textil,634
2008,mayo,Textil,645
2008,junio,Textil,616
2008,julio,Textil,621
2008,agosto,Textil,619
2008,septiembre,Textil,619
2008,octubre,Textil,618
2008,noviembre,Textil,623
2008,diciembre,Textil,612
2009,enero,Textil,622
2009,febrero,Textil,629
2009,marzo,Textil,619
2009,abril,Textil,609
2009,mayo,Textil,613
2009,junio,Textil,619
2009,julio,Textil,610
2009,agosto,Textil,605
2009,septiembre,Textil,604
2009,octubre,Textil,616
2009,noviembre,Textil,618
2009,diciembre,Textil,616
2010,enero,Textil,627
2010,febrero,Textil,623
2010,marzo,Textil,638
2010,abril,Textil,643
2010,mayo,Textil,654
2010,junio,Textil,649
2010,julio,Textil,650
2010,agosto,Textil,645
2010,septiembre,Textil,640
2010,octubre,Textil,662
2010,noviembre,Textil,679
2010,diciembre,Textil,681
2011,enero,Textil,681
2011,febrero,Textil,683
2011,marzo,Textil,676
2011,abril,Textil,656
2011,mayo,Textil,673
2011,junio,Textil,662
2011,julio,Textil,661
2011,agosto,Textil,655
2011,septiembre,Textil,651
2011,octubre,Textil,641
2011,noviembre,Textil,652
2011,diciembre,Textil,654
2012,enero,Textil,664
2012,febrero,Textil,647
2012,marzo,Textil,651
2012,abril,Textil,650
2012,mayo,Textil,648
2012,junio,Textil,653
2012,julio,Textil,644
2012,agosto,Textil,641
2012,septiembre,Textil,651
2012,octubre,Textil,648
2012,noviembre,Textil,656
2012,diciembre,Textil,666
2013,enero,Textil,662
2013,febrero,Textil,677
2013,marzo,Textil,660
2013,abril,Textil,689
2013,mayo,Textil,685
2013,junio,Textil,686
2013,julio,Textil,684
2013,agosto,Textil,682
2013,septiembre,Textil,646
2013,octubre,Textil,671
2013,noviembre,Textil,567
2013,diciembre,Textil,726
2014,enero,Textil,723
2014,febrero,Textil,731
2014,marzo,Textil,743
2014,abril,Textil,725
2014,mayo,Textil,719
2014,junio,Textil,687
2014,julio,Textil,680
2014,agosto,Textil,668
2014,septiembre,Textil,657
2014,octubre,Textil,669
2014,noviembre,Textil,660
2014,diciembre,Textil,656
2015,enero,Textil,653
2015,febrero,Textil,659
2015,marzo,Textil,657
2015,abril,Textil,665
2015,mayo,Textil,656
2015,junio,Textil,659
2015,julio,Textil,662
2015,agosto,Textil,686
2015,septiembre,Textil,694
2015,octubre,Textil,733
2015,noviembre,Textil,768
2015,diciembre,Textil,767
2016,enero,Textil,728
2016,febrero,Textil,713
2016,marzo,Textil,720
2016,abril,Textil,755
2016,mayo,Textil,763
2016,junio,Textil,738
2016,julio,Textil,740
2016,agosto,Textil,732
2016,septiembre,Textil,711
2016,octubre,Textil,698
2016,noviembre,Textil,699
2016,diciembre,Textil,688
2017,enero,Textil,698
2017,febrero,Textil,698
2017,marzo,Textil,701
2017,abril,Textil,716
2017,mayo,Textil,710
2017,junio,Textil,719
2017,julio,Textil,734
2017,agosto,Textil,727
2017,septiembre,Textil,730
2017,octubre,Textil,705
2017,noviembre,Textil,723
2017,diciembre,Textil,716
2018,enero,Textil,722
2018,febrero,Textil,776
2018,marzo,Textil,725
2018,abril,Textil,732
2018,mayo,Textil,727
2018,junio,Textil,702
2018,julio,Textil,693
2018,agosto,Textil,675
2018,septiembre,Textil,659
2018,octubre,Textil,657
2018,noviembre,Textil,652
2018,diciembre,Textil,622
2019,enero,Textil,621
2019,febrero,Textil,622
2019,marzo,Textil,615
2019,abril,Textil,614
2019,mayo,Textil,622
2019,junio,Textil,609
2019,julio,Textil,619
2019,agosto,Textil,620
2019,septiembre,Textil,619
2019,octubre,Textil,629
2019,noviembre,Textil,621
2019,diciembre,Textil,620
2020,enero,Textil,627
2020,febrero,Textil,628
2020,marzo,Textil,637
2020,abril,Textil,624
2020,mayo,Textil,615
2020,junio,Textil,603
2020,julio,Textil,620
2020,agosto,Textil,612
2020,septiembre,Textil,628
2020,octubre,Textil,631
2020,noviembre,Textil,646
2020,diciembre,Textil,665
2021,enero,Textil,654
2021,febrero,Textil,650
2021,marzo,Textil,647
2021,abril,Textil,653
2021,mayo,Textil,631
2021,junio,Textil,633
2021,julio,Textil,609
2021,agosto,Textil,599
2021,septiembre,Textil,602
2021,octubre,Textil,611
2021,noviembre,Textil,609
2021,diciembre,Textil,614
2022,enero,Textil,614
2022,febrero,Textil,624
2022,marzo,Textil,624
2022,abril,Textil,627
2022,mayo,Textil,646
2022,junio,Textil,649
2022,julio,Textil,656
2022,agosto,Textil,657
2022,septiembre,Textil,648
2022,octubre,Textil,642
2022,noviembre,Textil,639
2022,diciembre,Textil,640
2023,enero,Textil,676
2023,febrero,Textil,669
2023,marzo,Textil,637
2023,abril,Textil,609
2023,mayo,Textil,613
2023,junio,Textil,596
2023,julio,Textil,592
2023,agosto,Textil,592
2023,septiembre,Textil,585
2023,octubre,Textil,583
2023,noviembre,Textil,376
2023,diciembre,Textil,583
2024,enero,Textil,554
2024,febrero,Textil,539
2024,marzo,Textil,524
2024,abril,Textil,498
2024,mayo,Textil,493
2024,junio,Textil,461
2024,julio,Textil,440
2024,agosto,Textil,418
2024,septiembre,Textil,93
2024,octubre,Textil,83
2024,noviembre,Textil,256
2024,diciembre,Textil,351
2025,enero,Textil,342
2025,febrero,Textil,335
2025,marzo,Textil,326
2001,enero,Pesquera,353
2001,febrero,Pesquera,278
2001,marzo,Pesquera,275
2001,abril,Pesquera,273
2001,mayo,Pesquera,262
2001,junio,Pesquera,259
2001,julio,Pesquera,166
2001,agosto,Pesquera,166
2001,septiembre,Pesquera,188
2001,octubre,Pesquera,187
2001,noviembre,Pesquera,192
2001,diciembre,Pesquera,202
2002,enero,Pesquera,212
2002,febrero,Pesquera,224
2002,marzo,Pesquera,227
2002,abril,Pesquera,229
2002,mayo,Pesquera,232
2002,junio,Pesquera,229
2002,julio,Pesquera,227
2002,agosto,Pesquera,226
2002,septiembre,Pesquera,225
2002,octubre,Pesquera,230
2002,noviembre,Pesquera,192
2002,diciembre,Pesquera,210
2003,enero,Pesquera,228
2003,febrero,Pesquera,231
2003,marzo,Pesquera,234
2003,abril,Pesquera,228
2003,mayo,Pesquera,229
2003,junio,Pesquera,229
2003,julio,Pesquera,241
2003,agosto,Pesquera,235
2003,septiembre,Pesquera,239
2003,octubre,Pesquera,235
2003,noviembre,Pesquera,226
2003,diciembre,Pesquera,237
2004,enero,Pesquera,230
2004,febrero,Pesquera,234
2004,marzo,Pesquera,246
2004,abril,Pesquera,246
2004,mayo,Pesquera,246
2004,junio,Pesquera,246
2004,julio,Pesquera,252
2004,agosto,Pesquera,252
2004,septiembre,Pesquera,256
2004,octubre,Pesquera,219
2004,noviembre,Pesquera,219
2004,diciembre,Pesquera,237
2005,enero,Pesquera,255
2005,febrero,Pesquera,259
2005,marzo,Pesquera,270
2005,abril,Pesquera,276
2005,mayo,Pesquera,274
2005,junio,Pesquera,277
2005,julio,Pesquera,275
2005,agosto,Pesquera,278
2005,septiembre,Pesquera,170
2005,octubre,Pesquera,118
2005,noviembre,Pesquera,269
2005,diciembre,Pesquera,41
2006,enero,Pesquera,285
2006,febrero,Pesquera,283
2006,marzo,Pesquera,297
2006,abril,Pesquera,304
2006,mayo,Pesquera,312
2006,junio,Pesquera,307
2006,julio,Pesquera,306
2006,agosto,Pesquera,306
2006,septiembre,Pesquera,301
2006,octubre,Pesquera,304
2006,noviembre,Pesquera,295
2006,diciembre,Pesquera,279
2007,enero,Pesquera,286
2007,febrero,Pesquera,286
2007,marzo,Pesquera,294
2007,abril,Pesquera,292
2007,mayo,Pesquera,295
2007,junio,Pesquera,296
2007,julio,Pesquera,292
2007,agosto,Pesquera,293
2007,septiembre,Pesquera,295
2007,octubre,Pesquera,292
2007,noviembre,Pesquera,271
2007,diciembre,Pesquera,22
2008,enero,Pesquera,316
2008,febrero,Pesquera,378
2008,marzo,Pesquera,454
2008,abril,Pesquera,557
2008,mayo,Pesquera,543
2008,junio,Pesquera,554
2008,julio,Pesquera,544
2008,agosto,Pesquera,509
2008,septiembre,Pesquera,500
2008,octubre,Pesquera,514
2008,noviembre,Pesquera,487
2008,diciembre,Pesquera,482
2009,enero,Pesquera,501
2009,febrero,Pesquera,489
2009,marzo,Pesquera,496
2009,abril,Pesquera,497
2009,mayo,Pesquera,496
2009,junio,Pesquera,516
2009,julio,Pesquera,527
2009,agosto,Pesquera,507
2009,septiembre,Pesquera,508
2009,octubre,Pesquera,510
2009,noviembre,Pesquera,481
2009,diciembre,Pesquera,540
2010,enero,Pesquera,500
2010,febrero,Pesquera,504
2010,marzo,Pesquera,476
2010,abril,Pesquera,502
2010,mayo,Pesquera,486
2010,junio,Pesquera,546
2010,julio,Pesquera,521
2010,agosto,Pesquera,503
2010,septiembre,Pesquera,491
2010,octubre,Pesquera,496
2010,noviembre,Pesquera,476
2010,diciembre,Pesquera,296
2011,enero,Pesquera,492
2011,febrero,Pesquera,487
2011,marzo,Pesquera,494
2011,abril,Pesquera,541
2011,mayo,Pesquera,492
2011,junio,Pesquera,553
2011,julio,Pesquera,528
2011,agosto,Pesquera,537
2011,septiembre,Pesquera,533
2011,octubre,Pesquera,496
2011,noviembre,Pesquera,485
2011,diciembre,Pesquera,480
2012,enero,Pesquera,482
2012,febrero,Pesquera,503
2012,marzo,Pesquera,378
2012,abril,Pesquera,435
2012,mayo,Pesquera,442
2012,junio,Pesquera,488
2012,julio,Pesquera,497
2012,agosto,Pesquera,458
2012,septiembre,Pesquera,449
2012,octubre,Pesquera,401
2012,noviembre,Pesquera,406
2012,diciembre,Pesquera,447
2013,enero,Pesquera,415
2013,febrero,Pesquera,412
2013,marzo,Pesquera,433
2013,abril,Pesquera,441
2013,mayo,Pesquera,422
2013,junio,Pesquera,443
2013,julio,Pesquera,407
2013,agosto,Pesquera,416
2013,septiembre,Pesquera,413
2013,octubre,Pesquera,416
2013,noviembre,Pesquera,421
2013,diciembre,Pesquera,444
2014,enero,Pesquera,422
2014,febrero,Pesquera,449
2014,marzo,Pesquera,449
2014,abril,Pesquera,434
2014,mayo,Pesquera,439
2014,junio,Pesquera,448
2014,julio,Pesquera,436
2014,agosto,Pesquera,446
2014,septiembre,Pesquera,446
2014,octubre,Pesquera,438
2014,noviembre,Pesquera,460
2014,diciembre,Pesquera,476
2015,enero,Pesquera,484
2015,febrero,Pesquera,462
2015,marzo,Pesquera,445
2015,abril,Pesquera,442
2015,mayo,Pesquera,439
2015,junio,Pesquera,451
2015,julio,Pesquera,471
2015,agosto,Pesquera,483
2015,septiembre,Pesquera,466
2015,octubre,Pesquera,477
2015,noviembre,Pesquera,492
2015,diciembre,Pesquera,504
2016,enero,Pesquera,512
2016,febrero,Pesquera,511
2016,marzo,Pesquera,510
2016,abril,Pesquera,499
2016,mayo,Pesquera,479
2016,junio,Pesquera,483
2016,julio,Pesquera,479
2016,agosto,Pesquera,472
2016,septiembre,Pesquera,470
2016,octubre,Pesquera,466
2016,noviembre,Pesquera,471
2016,diciembre,Pesquera,490
2017,enero,Pesquera,499
2017,febrero,Pesquera,491
2017,marzo,Pesquera,477
2017,abril,Pesquera,477
2017,mayo,Pesquera,472
2017,junio,Pesquera,468
2017,julio,Pesquera,456
2017,agosto,Pesquera,444
2017,septiembre,Pesquera,461
2017,octubre,Pesquera,445
2017,noviembre,Pesquera,449
2017,diciembre,Pesquera,497
2018,enero,Pesquera,501
2018,febrero,Pesquera,482
2018,marzo,Pesquera,488
2018,abril,Pesquera,474
2018,mayo,Pesquera,472
2018,junio,Pesquera,474
2018,julio,Pesquera,470
2018,agosto,Pesquera,454
2018,septiembre,Pesquera,457
2018,octubre,Pesquera,459
2018,noviembre,Pesquera,441
2018,diciembre,Pesquera,468
2019,enero,Pesquera,472
2019,febrero,Pesquera,461
2019,marzo,Pesquera,470
2019,abril,Pesquera,482
2019,mayo,Pesquera,479
2019,junio,Pesquera,478
2019,julio,Pesquera,460
2019,agosto,Pesquera,459
2019,septiembre,Pesquera,456
2019,octubre,Pesquera,459
2019,noviembre,Pesquera,456
2019,diciembre,Pesquera,491
2020,enero,Pesquera,483
2020,febrero,Pesquera,483
2020,marzo,Pesquera,465
2020,abril,Pesquera,480
2020,mayo,Pesquera,497
2020,junio,Pesquera,489
2020,julio,Pesquera,495
2020,agosto,Pesquera,492
2020,septiembre,Pesquera,505
2020,octubre,Pesquera,495
2020,noviembre,Pesquera,531
2020,diciembre,Pesquera,538
2021,enero,Pesquera,528
2021,febrero,Pesquera,519
2021,marzo,Pesquera,534
2021,abril,Pesquera,500
2021,mayo,Pesquera,492
2021,junio,Pesquera,493
2021,julio,Pesquera,484
2021,agosto,Pesquera,486
2021,septiembre,Pesquera,474
2021,octubre,Pesquera,472
2021,noviembre,Pesquera,477
2021,diciembre,Pesquera,369
2022,enero,Pesquera,491
2022,febrero,Pesquera,488
2022,marzo,Pesquera,485
2022,abril,Pesquera,491
2022,mayo,Pesquera,486
2022,junio,Pesquera,485
2022,julio,Pesquera,473
2022,agosto,Pesquera,469
2022,septiembre,Pesquera,296
2022,octubre,Pesquera,295
2022,noviembre,Pesquera,294
2022,diciembre,Pesquera,204
2023,enero,Pesquera,193
2023,febrero,Pesquera,193
2023,marzo,Pesquera,193
2023,abril,Pesquera,194
2023,mayo,Pesquera,204
2023,junio,Pesquera,204
2023,julio,Pesquera,203
2023,agosto,Pesquera,201
2023,septiembre,Pesquera,201
2023,octubre,Pesquera,203
2023,noviembre,Pesquera,203
2023,diciembre,Pesquera,203
2024,enero,Pesquera,203
2024,febrero,Pesquera,201
2024,marzo,Pesquera,201
2024,abril,Pesquera,198
2024,mayo,Pesquera,194
2024,junio,Pesquera,192
2024,julio,Pesquera,192
2024,agosto,Pesquera,192
2024,septiembre,Pesquera,192
2024,octubre,Pesquera,192
2024,noviembre,Pesquera,198
2024,diciembre,Pesquera,198
2025,enero,Pesquera,210
2025,febrero,Pesquera,208
2025,marzo,Pesquera,219
2001,enero,Otros,90
2001,febrero,Otros,92
2001,marzo,Otros,94
2001,abril,Otros,103
2001,mayo,Otros,107
2001,junio,Otros,105
2001,julio,Otros,112
2001,agosto,Otros,113
2001,septiembre,Otros,115
2001,octubre,Otros,117
2001,noviembre,Otros,122
2001,diciembre,Otros,46
2002,enero,Otros,101
2002,febrero,Otros,103
2002,marzo,Otros,103
2002,abril,Otros,103
2002,mayo,Otros,103
2002,junio,Otros,110
2002,julio,Otros,110
2002,agosto,Otros,109
2002,septiembre,Otros,109
2002,octubre,Otros,109
2002,noviembre,Otros,105
2002,diciembre,Otros,35
2003,enero,Otros,124
2003,febrero,Otros,129
2003,marzo,Otros,134
2003,abril,Otros,134
2003,mayo,Otros,136
2003,junio,Otros,134
2003,julio,Otros,126
2003,agosto,Otros,124
2003,septiembre,Otros,128
2003,octubre,Otros,126
2003,noviembre,Otros,131
2003,diciembre,Otros,130
2004,enero,Otros,127
2004,febrero,Otros,135
2004,marzo,Otros,136
2004,abril,Otros,135
2004,mayo,Otros,128
2004,junio,Otros,128
2004,julio,Otros,125
2004,agosto,Otros,126
2004,septiembre,Otros,124
2004,octubre,Otros,123
2004,noviembre,Otros,130
2004,diciembre,Otros,126
2005,enero,Otros,122
2005,febrero,Otros,127
2005,marzo,Otros,129
2005,abril,Otros,131
2005,mayo,Otros,128
2005,junio,Otros,126
2005,julio,Otros,126
2005,agosto,Otros,125
2005,septiembre,Otros,125
2005,octubre,Otros,126
2005,noviembre,Otros,127
2005,diciembre,Otros,128
2006,enero,Otros,125
2006,febrero,Otros,121
2006,marzo,Otros,125
2006,abril,Otros,117
2006,mayo,Otros,113
2006,junio,Otros,115
2006,julio,Otros,116
2006,agosto,Otros,112
2006,septiembre,Otros,55
2006,octubre,Otros,112
2006,noviembre,Otros,114
2006,diciembre,Otros,112
2007,enero,Otros,113
2007,febrero,Otros,115
2007,marzo,Otros,119
2007,abril,Otros,120
2007,mayo,Otros,121
2007,junio,Otros,120
2007,julio,Otros,122
2007,agosto,Otros,123
2007,septiembre,Otros,123
2007,octubre,Otros,118
2007,noviembre,Otros,106
2007,diciembre,Otros,66
2008,enero,Otros,179
2008,febrero,Otros,183
2008,marzo,Otros,190
2008,abril,Otros,189
2008,mayo,Otros,94
2008,junio,Otros,94
2008,julio,Otros,96
2008,agosto,Otros,91
2008,septiembre,Otros,92
2008,octubre,Otros,94
2008,noviembre,Otros,93
2008,diciembre,Otros,92
2009,enero,Otros,189
2009,febrero,Otros,189
2009,marzo,Otros,189
2009,abril,Otros,187
2009,mayo,Otros,187
2009,junio,Otros,186
2009,julio,Otros,183
2009,agosto,Otros,184
2009,septiembre,Otros,184
2009,octubre,Otros,84
2009,noviembre,Otros,81
2009,diciembre,Otros,60
2010,enero,Otros,80
2010,febrero,Otros,78
2010,marzo,Otros,77
2010,abril,Otros,76
2010,mayo,Otros,76
2010,junio,Otros,76
2010,julio,Otros,82
2010,agosto,Otros,82
2010,septiembre,Otros,85
2010,octubre,Otros,82
2010,noviembre,Otros,82
2010,diciembre,Otros,78
2011,enero,Otros,539
2011,febrero,Otros,530
2011,marzo,Otros,516
2011,abril,Otros,529
2011,mayo,Otros,523
2011,junio,Otros,521
2011,julio,Otros,516
2011,agosto,Otros,514
2011,septiembre,Otros,518
2011,octubre,Otros,515
2011,noviembre,Otros,508
2011,diciembre,Otros,505
2012,enero,Otros,481
2012,febrero,Otros,462
2012,marzo,Otros,496
2012,abril,Otros,473
2012,mayo,Otros,479
2012,junio,Otros,475
2012,julio,Otros,486
2012,agosto,Otros,488
2012,septiembre,Otros,498
2012,octubre,Otros,523
2012,noviembre,Otros,538
2012,diciembre,Otros,532
2013,enero,Otros,515
2013,febrero,Otros,497
2013,marzo,Otros,494
2013,abril,Otros,504
2013,mayo,Otros,503
2013,junio,Otros,505
2013,julio,Otros,505
2013,agosto,Otros,482
2013,septiembre,Otros,484
2013,octubre,Otros,487
2013,noviembre,Otros,475
2013,diciembre,Otros,476
2014,enero,Otros,453
2014,febrero,Otros,451
2014,marzo,Otros,442
2014,abril,Otros,430
2014,mayo,Otros,426
2014,junio,Otros,433
2014,julio,Otros,423
2014,agosto,Otros,415
2014,septiembre,Otros,415
2014,octubre,Otros,435
2014,noviembre,Otros,417
2014,diciembre,Otros,418
2015,enero,Otros,405
2015,febrero,Otros,401
2015,marzo,Otros,405
2015,abril,Otros,403
2015,mayo,Otros,400
2015,junio,Otros,406
2015,julio,Otros,409
2015,agosto,Otros,404
2015,septiembre,Otros,412
2015,octubre,Otros,453
2015,noviembre,Otros,453
2015,diciembre,Otros,500
2016,enero,Otros,503
2016,febrero,Otros,488
2016,marzo,Otros,493
2016,abril,Otros,499
2016,mayo,Otros,507
2016,junio,Otros,384
2016,julio,Otros,505
2016,agosto,Otros,523
2016,septiembre,Otros,521
2016,octubre,Otros,507
2016,noviembre,Otros,460
2016,diciembre,Otros,439
2017,enero,Otros,445
2017,febrero,Otros,438
2017,marzo,Otros,436
2017,abril,Otros,434
2017,mayo,Otros,429
2017,junio,Otros,429
2017,julio,Otros,441
2017,agosto,Otros,435
2017,septiembre,Otros,428
2017,octubre,Otros,439
2017,noviembre,Otros,435
2017,diciembre,Otros,411
2018,enero,Otros,422
2018,febrero,Otros,420
2018,marzo,Otros,425
2018,abril,Otros,430
2018,mayo,Otros,424
2018,junio,Otros,411
2018,julio,Otros,399
2018,agosto,Otros,391
2018,septiembre,Otros,405
2018,octubre,Otros,410
2018,noviembre,Otros,407
2018,diciembre,Otros,392
2019,enero,Otros,394
2019,febrero,Otros,386
2019,marzo,Otros,383
2019,abril,Otros,366
2019,mayo,Otros,364
2019,junio,Otros,365
2019,julio,Otros,387
2019,agosto,Otros,399
2019,septiembre,Otros,393
2019,octubre,Otros,392
2019,noviembre,Otros,342
2019,diciembre,Otros,336
2020,enero,Otros,312
2020,febrero,Otros,322
2020,marzo,Otros,321
2020,abril,Otros,303
2020,mayo,Otros,346
2020,junio,Otros,406
2020,julio,Otros,429
2020,agosto,Otros,355
2020,septiembre,Otros,460
2020,octubre,Otros,459
2020,noviembre,Otros,413
2020,diciembre,Otros,337
2021,enero,Otros,391
2021,febrero,Otros,406
2021,marzo,Otros,395
2021,abril,Otros,394
2021,mayo,Otros,395
2021,junio,Otros,391
2021,julio,Otros,395
2021,agosto,Otros,397
2021,septiembre,Otros,411
2021,octubre,Otros,408
2021,noviembre,Otros,436
2021,diciembre,Otros,315
2022,enero,Otros,391
2022,febrero,Otros,395
2022,marzo,Otros,394
2022,abril,Otros,409
2022,mayo,Otros,465
2022,junio,Otros,462
2022,julio,Otros,449
2022,agosto,Otros,431
2022,septiembre,Otros,456
2022,octubre,Otros,477
2022,noviembre,Otros,519
2022,diciembre,Otros,333
2023,enero,Otros,470
2023,febrero,Otros,553
2023,marzo,Otros,500
2023,abril,Otros,547
2023,mayo,Otros,547
2023,junio,Otros,555
2023,julio,Otros,506
2023,agosto,Otros,579
2023,septiembre,Otros,571
2023,octubre,Otros,551
2023,noviembre,Otros,525
2023,diciembre,Otros,443
2024,enero,Otros,454
2024,febrero,Otros,450
2024,marzo,Otros,427
2024,abril,Otros,422
2024,mayo,Otros,433
2024,junio,Otros,433
2024,julio,Otros,395
2024,agosto,Otros,412
2024,septiembre,Otros,413
2024,octubre,Otros,406
2024,noviembre,Otros,403
2024,diciembre,Otros,402
2025,enero,Otros,450
2025,febrero,Otros,457
2025,marzo,Otros,435
